order_id,date,time,order_type,branch_code,order_items,order_price,customer_lat,customer_lon,customerHasloyalty?,distance_to_customer_KM,delivery_fee
ORDB10347,2018-03-28,10:42:15,Breakfast,TP,"[('Coffee', 10), ('Pancake', 8)]",269.0,-37.806850399999995,144.9595236,0,9.058,11.6886838
ORDC05549,2018-03-21,10:32:06,Breakfast,NS,"[('Cereal', 9), ('Pancake', 6)]",334.5,-37.816821399999995,144.96170580000003,0,8.487,14.016510199999999
ORDB03896,2018-09-25,16:47:19,Dinner,TP,"[('Fish&Chips', 9), ('Shrimp', 7)]",693.0,-37.81107960000001,144.9722595,1,8.933,12.9704037
ORDK04115,2018-10-04,17:07:36,Dinner,BK,"[('Salmon', 6), ('Fish&Chips', 7)]",491.0,-37.808742200000005,144.9422614,0,9.779,16.5770563
ORDY01721,2018-10-17,17:38:01,Dinner,TP,"[('Shrimp', 2), ('Pasta', 10)]",383.0,-37.802861,144.9522012,0,9.851,13.576425199999997
ORDX00760,2018-06-10,13:14:21,Lunch,BK,"[('Burger', 8), ('Fries', 1)]",260.0,-37.8149256,144.9451166,0,9.148,17.914412600000002
ORDZ08027,2018-08-23,15:46:28,Lunch,NS,"[('Burger', 6), ('Steak', 5), ('Salad', 6)]",514.2,-37.8144195,144.93535500000002,0,10.122,15.285793700000001
ORDC05455,2018-03-21,10:32:06,Breakfast,NS,"[('Eggs', 6), ('Pancake', 10), ('Cereal', 7)]",521.5,-37.813896899999996,144.96035519999998,1,8.158,13.0197561
ORDY07168,2018-06-24,13:44:47,Lunch,TP,"[('Steak', 1), ('Burger', 1), ('Chicken', 6), ('Fries', 2)]",292.0,-37.8250411,144.9827645,0,8.972999999999999,13.6196957
ORDK02539,2018-07-31,14:55:46,Lunch,BK,"[('Salad', 4), ('Steak', 6), ('Chicken', 9), ('Fries', 6)]",698.8,-37.801099,144.969947,0,7.486000000000001,13.4103095
ORDB00144,2018-03-25,10:42:15,Breakfast,TP,"[('Pancake', 2), ('Coffee', 3), ('Eggs', 10), ('Cereal', 3)]",354.0,-37.820144,145.01398380000003,0,11.842,15.124870699999999
ORDK09208,2018-08-24,15:46:28,Lunch,BK,"[('Burger', 1), ('Chicken', 4), ('Salad', 8)]",296.6,-37.8014968,144.95488459999999,0,8.492,13.842599400000001
ORDB04040,2018-08-01,14:55:46,Lunch,TP,"[('Fries', 2), ('Burger', 6), ('Chicken', 1), ('Salad', 4)]",310.8,-37.7997388,144.9611291,0,9.879,12.8221192
ORDJ06531,2018-03-13,10:21:58,Breakfast,TP,"[('Coffee', 1), ('Pancake', 4), ('Eggs', 4)]",192.5,-37.819956,144.96736940000002,0,7.487,10.310132300000001
ORDZ02072,2018-06-11,13:14:21,Lunch,NS,"[('Salad', 4), ('Burger', 3), ('Steak', 4), ('Fries', 5), ('Chicken', 4)]",529.8,-37.824154799999995,144.94391230000002,0,10.548,16.0289348
ORDY10310,2018-05-26,12:43:56,Lunch,TP,"[('Fries', 7), ('Salad', 9), ('Burger', 9), ('Steak', 10)]",967.8,-37.8060353,144.9800565,1,9.767000000000001,14.5613899
ORDC07374,2018-04-01,10:52:23,Breakfast,NS,"[('Cereal', 10), ('Eggs', 6)]",342.0,-37.818591600000005,144.9701407,0,8.437999999999999,15.143908900000001
ORDZ03894,2018-01-08,08:10:08,Breakfast,NS,"[('Coffee', 4), ('Cereal', 9), ('Pancake', 4)]",316.0,-37.809026,144.9816284,1,7.848,6.3865717
ORDZ03166,2018-07-19,14:35:29,Lunch,NS,"[('Fries', 8), ('Steak', 10), ('Chicken', 2), ('Salad', 3), ('Burger', 2)]",723.6,-37.80569620000001,144.9772251,0,7.117999999999999,11.466085000000001
ORDX09654,2018-12-03,19:09:17,Dinner,BK,"[('Pasta', 1), ('Fish&Chips', 4), ('Shrimp', 1)]",221.5,-37.816802100000004,144.9616241,0,7.995,15.245304
ORDB08009,2018-02-28,09:51:32,Breakfast,TP,"[('Coffee', 5), ('Eggs', 5), ('Cereal', 5), ('Pancake', 5)]",373.75,-37.8176641,144.98370219999998,1,9.152000000000001,12.0693834
ORDJ02580,2018-03-17,10:21:58,Breakfast,TP,"[('Cereal', 7), ('Coffee', 9), ('Eggs', 9), ('Pancake', 6)]",558.0,-37.8079127,144.97145769999997,0,9.267999999999999,13.0899094
ORDC04382,2018-08-27,15:46:28,Lunch,NS,"[('Burger', 3), ('Steak', 4)]",273.0,-37.8268226,144.9279964,0,11.791,16.788221300000004
ORDY00079,2018-06-02,13:04:13,Lunch,TP,"[('Fries', 9), ('Burger', 8), ('Salad', 6)]",459.2,-37.8171789,144.9679935,0,7.808,12.743391699999998
ORDK07117,2018-04-21,11:32:57,Breakfast,BK,"[('Eggs', 8), ('Cereal', 2)]",218.0,-37.818782299999995,144.9535721,0,8.771,15.946430599999998
ORDJ10220,2018-01-10,08:10:08,Breakfast,TP,"[('Pancake', 3), ('Eggs', 6)]",204.75,-37.799729299999996,144.954878,1,9.841000000000001,6.2646901
ORDZ05132,2018-06-07,13:14:21,Lunch,NS,"[('Fries', 1), ('Burger', 8)]",260.0,-37.8254058,144.95147980000002,0,10.148,15.642513199999998
ORDA05797,2018-04-30,11:53:14,Breakfast,BK,"[('Pancake', 6), ('Cereal', 5)]",250.5,-37.8069779,144.9583186,0,7.904,12.6881669
ORDC03463,2018-08-30,15:56:37,Lunch,NS,"[('Burger', 10), ('Fries', 4), ('Steak', 10)]",808.0,-37.8079071,144.973469,0,7.102,12.763676
ORDA07687,2018-07-04,14:05:04,Lunch,BK,"[('Chicken', 2), ('Salad', 5), ('Steak', 6), ('Fries', 6)]",492.0,-37.8217982,144.95164609999998,0,8.908,14.7745085
ORDI00972,2018-03-29,10:52:23,Breakfast,NS,"[('Coffee', 8), ('Pancake', 7), ('Cereal', 1)]",250.75,-37.81177879999999,144.9957427,0,9.258,14.471063899999999
ORDB03793,2018-12-30,20:00:00,Dinner,TP,"[('Pasta', 2), ('Shrimp', 3), ('Fish&Chips', 1), ('Salmon', 5)]",457.0,-37.8062743,144.9595865,0,8.969,14.581065900000002
ORDK03567,2018-03-19,10:32:06,Breakfast,BK,"[('Pancake', 2), ('Eggs', 4), ('Coffee', 8)]",196.5,-37.8141665,144.9518734,0,8.613999999999999,13.218515300000002
ORDA06666,2018-12-31,20:00:00,Dinner,BK,"[('Fish&Chips', 5), ('Pasta', 4), ('Shrimp', 2), ('Salmon', 2)]",475.0,-37.82100620000001,144.9697007,0,7.824,15.0283976
ORDI08033,2018-08-15,15:26:11,Lunch,NS,"[('Steak', 10), ('Burger', 2)]",512.0,-37.8090664,144.983856,0,8.005,14.007034699999998
ORDJ08258,2018-11-12,18:28:43,Dinner,TP,"[('Fish&Chips', 6), ('Shrimp', 1), ('Pasta', 3), ('Salmon', 9)]",715.5,-37.8044394,144.9785221,0,10.274000000000001,14.162769699999998
ORDI10881,2018-10-30,17:58:18,Dinner,NS,"[('Fish&Chips', 10), ('Shrimp', 6)]",674.0,-37.80608,144.9401291,0,10.273,15.9948973
ORDJ09903,2018-01-11,08:20:16,Breakfast,TP,"[('Pancake', 10), ('Eggs', 2), ('Coffee', 2)]",301.5,-37.8171703,144.9645963,0,7.6579999999999995,4.8271318
ORDB02148,2018-05-30,12:54:05,Lunch,TP,"[('Fries', 7), ('Salad', 8), ('Steak', 3), ('Chicken', 10), ('Burger', 7)]",893.6,-37.8004794,144.9581878,0,9.709,12.6987241
ORDJ00766,2018-08-04,15:05:54,Lunch,TP,"[('Fries', 10), ('Chicken', 3), ('Burger', 9), ('Salad', 10), ('Steak', 3)]",802.0,-37.8033534,144.95020319999998,0,9.969,14.574473499999998
ORDZ02164,2018-10-28,17:58:18,Dinner,NS,"[('Fish&Chips', 3), ('Salmon', 5)]",310.0,-37.807482,144.9758132,0,7.237,15.4088117
ORDJ00059,2018-09-16,16:37:10,Dinner,TP,"[('Pasta', 2), ('Shrimp', 3)]",217.0,-37.8058744,144.9783731,0,9.671,15.964759699999998
ORDY00594,2018-12-12,19:29:34,Dinner,TP,"[('Fish&Chips', 4), ('Shrimp', 6), ('Salmon', 2)]",546.0,-37.8139564,144.9636633,0,8.064,12.1891629
ORDK06082,2018-11-08,18:18:35,Dinner,BK,"[('Fish&Chips', 5), ('Shrimp', 7), ('Salmon', 6), ('Pasta', 7)]",991.5,-37.8122754,144.9908322,0,5.151,11.9350776
ORDC11016,2018-04-01,10:52:23,Breakfast,NS,"[('Pancake', 7), ('Eggs', 7), ('Cereal', 9), ('Coffee', 10)]",587.75,-37.818591600000005,144.9701407,0,8.437999999999999,15.6572487
ORDJ04897,2018-03-21,10:32:06,Breakfast,TP,"[('Pancake', 4), ('Coffee', 10), ('Cereal', 10), ('Eggs', 4)]",470.0,-37.8140202,144.9600804,0,8.351,11.378879199999998
ORDY05157,2018-02-26,09:51:32,Breakfast,TP,"[('Coffee', 5), ('Cereal', 10), ('Pancake', 7)]",417.25,-37.809368799999994,144.97277749999998,0,9.086,11.7937246
ORDK07123,2018-07-01,13:54:55,Lunch,BK,"[('Burger', 8), ('Fries', 5), ('Chicken', 6)]",500.0,-37.8134831,144.9657406,0,7.481,15.509755800000002
ORDZ03184,2018-06-17,13:34:38,Lunch,NS,"[('Steak', 1), ('Chicken', 8), ('Salad', 4)]",369.8,-37.8086347,144.9548232,0,8.177,15.8313799
ORDK06840,2018-09-27,16:57:27,Dinner,BK,"[('Pasta', 5), ('Shrimp', 3), ('Fish&Chips', 9)]",614.5,-37.80567,144.9449191,0,9.109,15.724924
ORDA03483,2018-11-03,18:08:27,Dinner,BK,"[('Fish&Chips', 4), ('Shrimp', 1)]",194.0,-37.8193221,144.981828,0,6.577999999999999,15.8803859
ORDB01781,2018-03-24,10:42:15,Breakfast,TP,"[('Coffee', 5), ('Cereal', 6), ('Eggs', 2)]",207.5,-37.818102,144.9317802,0,10.717,13.9431144
ORDK06325,2018-01-05,08:00:00,Breakfast,BK,"[('Cereal', 10), ('Eggs', 3)]",276.0,-37.811168200000004,144.94028740000002,1,9.697000000000001,7.0235727
ORDY09965,2018-08-04,15:05:54,Lunch,TP,"[('Burger', 1), ('Chicken', 5), ('Salad', 3)]",242.6,-37.803592,144.9498747,0,9.932,14.482436300000002
ORDC01782,2018-05-30,12:54:05,Lunch,NS,"[('Fries', 2), ('Salad', 4), ('Chicken', 4), ('Burger', 6), ('Steak', 9)]",811.8,-37.822891,144.9364294,0,10.796,16.4306483
ORDJ07200,2018-02-01,09:00:50,Breakfast,TP,"[('Coffee', 10), ('Cereal', 4), ('Eggs', 7)]",313.0,-37.8029724,144.9291375,0,11.429,13.8745128
ORDZ09115,2018-08-08,15:16:03,Lunch,NS,"[('Steak', 10), ('Chicken', 9), ('Burger', 1), ('Fries', 8), ('Salad', 5)]",951.0,-37.8010339,144.9631536,0,6.955,12.161814900000001
ORDK11032,2018-06-02,13:04:13,Lunch,BK,"[('Fries', 7), ('Salad', 5), ('Chicken', 6), ('Burger', 9), ('Steak', 3)]",776.0,-37.816495399999994,144.9702995,0,7.146,15.642688099999999
ORDC01872,2018-07-20,14:35:29,Lunch,NS,"[('Chicken', 1), ('Salad', 4), ('Fries', 1), ('Steak', 4), ('Burger', 4)]",416.8,-37.819154100000006,144.9541094,0,9.2,15.0283978
ORDZ04364,2018-10-29,17:58:18,Dinner,NS,"[('Salmon', 8), ('Shrimp', 1)]",382.0,-37.819691299999995,144.9810772,0,8.814,14.72055
ORDY05961,2018-03-06,10:01:41,Breakfast,TP,"[('Pancake', 9), ('Cereal', 1), ('Eggs', 4), ('Coffee', 1)]",334.75,-37.8133401,144.95154440000002,0,9.049,11.4229546
ORDK05210,2018-05-20,12:33:48,Lunch,BK,"[('Salad', 1), ('Chicken', 2), ('Steak', 2)]",171.2,-37.801974200000004,144.957198,0,8.193999999999999,16.450768
ORDZ04461,2018-04-12,11:22:49,Breakfast,NS,"[('Cereal', 8), ('Eggs', 3), ('Coffee', 3), ('Pancake', 7)]",426.25,-37.8016566,144.9432732,1,8.773,13.908319899999999
ORDI05687,2018-07-15,14:25:21,Lunch,NS,"[('Burger', 3), ('Chicken', 2)]",157.0,-37.799843200000005,144.9470114,0,8.351,16.169807000000002
ORDX10663,2018-12-17,19:39:43,Dinner,BK,"[('Shrimp', 7), ('Pasta', 8)]",598.0,-37.805747100000005,144.9517536,0,8.469,15.108656699999997
ORDX06361,2018-02-06,09:10:59,Breakfast,BK,"[('Eggs', 3), ('Cereal', 5), ('Pancake', 1), ('Coffee', 7)]",247.75,-37.8246942,144.98897309999998,0,6.417000000000001,11.0771268
ORDA02355,2018-01-07,08:10:08,Breakfast,BK,"[('Pancake', 10), ('Eggs', 4), ('Cereal', 10), ('Coffee', 7)]",593.0,-37.813833200000005,144.9376909,1,10.12,8.235741099999998
ORDB04920,2018-06-03,13:04:13,Lunch,TP,"[('Steak', 8), ('Chicken', 2), ('Salad', 8), ('Burger', 6)]",747.6,-37.7996445,144.9700446,0,10.047,14.037936199999999
ORDK04725,2018-01-26,08:50:42,Breakfast,BK,"[('Eggs', 1), ('Cereal', 5)]",127.0,-37.8060886,144.9288979,0,10.687000000000001,15.883033300000001
ORDX09944,2018-08-07,15:16:03,Lunch,BK,"[('Salad', 7), ('Fries', 5)]",180.4,-37.810809899999995,145.01407350000002,0,3.641,9.458962
ORDY04463,2018-03-07,10:01:41,Breakfast,TP,"[('Pancake', 4), ('Eggs', 4)]",185.0,-37.8238686,144.9838149,0,8.765,11.5603965
ORDK03565,2018-04-30,11:53:14,Breakfast,BK,"[('Coffee', 8), ('Pancake', 1)]",84.25,-37.8157316,144.963445,0,7.914,12.3108403
ORDK02719,2018-10-30,17:58:18,Dinner,BK,"[('Pasta', 6), ('Salmon', 10), ('Fish&Chips', 9), ('Shrimp', 1)]",944.0,-37.8012198,144.9630195,0,8.061,15.451685399999999
ORDK09786,2018-03-18,10:32:06,Breakfast,BK,"[('Cereal', 2), ('Coffee', 6), ('Pancake', 1), ('Eggs', 8)]",287.25,-37.811370600000004,144.9728774,1,6.807,14.6116096
ORDJ10457,2018-09-17,16:37:10,Dinner,TP,"[('Pasta', 5), ('Salmon', 8), ('Fish&Chips', 10)]",815.5,-37.8195581,145.0080938,0,11.312999999999999,14.655543
ORDY07898,2018-01-01,08:00:00,Breakfast,TP,"[('Coffee', 8), ('Pancake', 6)]",205.5,-37.8245657,144.9627724,1,7.817,5.594382599999999
ORDB08592,2018-11-17,18:38:52,Dinner,TP,"[('Pasta', 10), ('Shrimp', 10), ('Salmon', 4), ('Fish&Chips', 1)]",1014.0,-37.799771,144.9750334,1,10.204,15.613524599999998
ORDK01315,2018-10-04,17:07:36,Dinner,BK,"[('Pasta', 4), ('Shrimp', 6), ('Salmon', 4)]",598.0,-37.8200745,145.0150325,0,4.399,11.017227199999999
ORDA03571,2018-01-14,08:20:16,Breakfast,BK,"[('Eggs', 3), ('Pancake', 1)]",90.25,-37.8030878,144.9495381,1,8.735,7.560927700000001
ORDY00530,2018-01-15,08:20:16,Breakfast,TP,"[('Coffee', 9), ('Eggs', 2)]",111.5,-37.807162100000006,144.95596619999998,1,9.232000000000001,5.869343700000001
ORDJ10743,2018-06-12,13:24:30,Lunch,TP,"[('Salad', 4), ('Steak', 3), ('Chicken', 3), ('Burger', 3)]",392.8,-37.803731,144.946674,0,10.026,13.3230519
ORDJ07446,2018-06-11,13:14:21,Lunch,TP,"[('Burger', 1), ('Fries', 9), ('Salad', 1)]",156.2,-37.8012351,144.97414740000002,0,10.002,12.9353456
ORDZ01968,2018-09-24,16:47:19,Dinner,NS,"[('Fish&Chips', 10), ('Salmon', 1), ('Pasta', 7)]",583.5,-37.801953000000005,144.9636853,0,6.86,12.3588079
ORDJ04241,2018-06-18,13:34:38,Lunch,TP,"[('Steak', 1), ('Fries', 6)]",117.0,-37.8228222,145.00455730000002,0,10.899000000000001,14.0346483
ORDZ07012,2018-01-17,08:30:25,Breakfast,NS,"[('Cereal', 8), ('Pancake', 6), ('Coffee', 7)]",366.0,-37.8064407,144.9571255,1,7.888999999999999,6.4723902
ORDX03450,2018-11-30,18:59:09,Dinner,BK,"[('Salmon', 6), ('Fish&Chips', 4), ('Pasta', 2), ('Shrimp', 9)]",927.0,-37.802260700000005,145.0030866,0,5.281000000000001,12.423270599999999
ORDZ00680,2018-06-17,13:24:30,Lunch,NS,"[('Steak', 4), ('Chicken', 1), ('Salad', 5)]",298.0,-37.813679799999996,144.94475559999998,0,9.234,16.9385885
ORDB04158,2018-09-17,16:37:10,Dinner,TP,"[('Salmon', 6), ('Fish&Chips', 8)]",526.0,-37.81350020000001,144.965631,0,8.206,12.5379277
ORDZ09455,2018-08-26,15:46:28,Lunch,NS,"[('Steak', 4), ('Chicken', 9), ('Salad', 2)]",502.4,-37.8122826,144.9384914,0,10.343,18.170886300000003
ORDC03056,2018-01-23,08:40:33,Breakfast,NS,"[('Coffee', 5), ('Cereal', 1), ('Eggs', 9), ('Pancake', 7)]",426.25,-37.8205264,144.9806994,0,8.814,13.883321300000002
ORDB00985,2018-10-30,17:58:18,Dinner,TP,"[('Salmon', 2), ('Fish&Chips', 8), ('Pasta', 9), ('Shrimp', 9)]",1095.5,-37.8072916,144.9972679,0,11.057,14.7585012
ORDK01681,2018-06-11,13:14:21,Lunch,BK,"[('Steak', 10), ('Chicken', 2), ('Salad', 8)]",651.6,-37.82315820000001,144.94257340000001,0,10.04,16.2395699
ORDB02360,2018-08-27,15:56:37,Lunch,TP,"[('Steak', 6), ('Fries', 6), ('Chicken', 8), ('Burger', 5)]",753.0,-37.8172872,144.95332630000001,0,8.605,11.544248399999999
ORDX07966,2018-11-22,18:49:00,Dinner,BK,"[('Pasta', 5), ('Shrimp', 3)]",299.5,-37.8213479,144.9490925,0,9.196,15.951492800000002
ORDI01594,2018-12-23,19:49:51,Dinner,NS,"[('Shrimp', 8), ('Salmon', 4), ('Pasta', 3), ('Fish&Chips', 4)]",818.5,-37.8036034,144.9815875,0,7.307,15.197116000000001
ORDB04703,2018-07-15,14:25:21,Lunch,TP,"[('Chicken', 3), ('Salad', 7), ('Burger', 5)]",371.4,-37.8185787,144.99213,0,9.954,14.4580783
ORDI02586,2018-06-16,13:24:30,Lunch,NS,"[('Salad', 4), ('Chicken', 3)]",164.8,-37.8138626,145.00932659999998,1,10.57,17.8114062
ORDB06937,2018-02-08,09:10:59,Breakfast,TP,"[('Pancake', 6), ('Cereal', 7), ('Eggs', 6), ('Coffee', 10)]",499.5,-37.8063227,144.95941919999999,0,8.974,11.453558099999999
ORDY01532,2018-11-27,18:59:09,Dinner,TP,"[('Shrimp', 1), ('Fish&Chips', 3), ('Salmon', 6), ('Pasta', 3)]",487.5,-37.8159349,144.98243290000002,0,9.127,13.3665805
ORDJ07947,2018-01-21,08:40:33,Breakfast,TP,"[('Pancake', 5), ('Cereal', 2), ('Coffee', 8)]",223.25,-37.8065523,144.9651534,0,9.163,13.0172185
ORDC09775,2018-02-18,09:31:16,Breakfast,NS,"[('Cereal', 5), ('Pancake', 9), ('Coffee', 5)]",360.75,-37.808369799999994,144.94500469999997,0,9.046,15.990381099999999
ORDX03104,2018-12-02,19:09:17,Dinner,BK,"[('Shrimp', 9), ('Pasta', 4), ('Fish&Chips', 7), ('Salmon', 6)]",1087.0,-37.815392200000005,144.9665197,0,7.531000000000001,17.18021
ORDZ04863,2018-03-31,10:52:23,Breakfast,NS,"[('Pancake', 8), ('Coffee', 6), ('Eggs', 1), ('Cereal', 5)]",366.0,-37.8247958,144.94570339999999,0,10.405,17.5175603
ORDZ10008,2018-04-09,11:12:40,Breakfast,NS,"[('Eggs', 9), ('Pancake', 9), ('Cereal', 1), ('Coffee', 1)]",444.75,-37.8179605,144.9675503,0,8.362,13.4303335
ORDA02856,2018-10-16,17:27:53,Dinner,BK,"[('Fish&Chips', 4), ('Pasta', 3)]",222.5,-37.8229398,144.9904291,0,6.089,12.954271499999999
ORDZ05064,2018-09-11,16:16:54,Dinner,NS,"[('Fish&Chips', 4), ('Pasta', 7)]",332.5,-37.8104156,144.9614858,0,7.655,13.3082005
ORDK08114,2018-05-12,12:13:31,Lunch,BK,"[('Burger', 3), ('Steak', 7), ('Chicken', 5), ('Fries', 8)]",664.0,-37.8080057,144.9577132,0,8.071,16.3777493
ORDA03684,2018-08-08,15:16:03,Lunch,BK,"[('Steak', 3), ('Salad', 3)]",186.6,-37.80187670000001,144.9651718,0,7.718,13.350760300000001
ORDI03106,2018-06-15,13:24:30,Lunch,NS,"[('Steak', 8), ('Fries', 6), ('Salad', 4), ('Burger', 10)]",810.8,-37.8054396,144.9988492,1,8.982000000000001,14.594198800000001
ORDI00393,2018-07-27,14:45:38,Lunch,NS,"[('Chicken', 4), ('Steak', 4)]",308.0,-37.8005511,144.9685959,0,6.321000000000001,11.661775500000001
ORDI03178,2018-10-10,17:17:44,Dinner,NS,"[('Salmon', 2), ('Fish&Chips', 1)]",117.0,-37.812461,144.9534303,0,8.524,14.6123785
ORDB06833,2018-12-18,19:39:43,Dinner,TP,"[('Salmon', 7), ('Shrimp', 7), ('Pasta', 9)]",912.5,-37.805695899999996,144.9406411,0,10.405,14.215386800000001
ORDY08243,2018-01-05,08:00:00,Breakfast,TP,"[('Pancake', 9), ('Cereal', 5), ('Coffee', 1), ('Eggs', 2)]",374.75,-37.8024332,144.9831587,1,10.408,6.550296400000001
ORDK01604,2018-07-05,14:05:04,Lunch,BK,"[('Steak', 4), ('Fries', 7), ('Burger', 5), ('Chicken', 2)]",483.0,-37.8023964,145.0040747,0,5.367999999999999,11.675587
ORDI08784,2018-05-17,12:23:39,Lunch,NS,"[('Fries', 4), ('Steak', 10), ('Chicken', 3), ('Salad', 8), ('Burger', 5)]",886.6,-37.803875,144.95836469999998,0,7.534,13.2345267
ORDX00156,2018-04-18,11:32:57,Breakfast,BK,"[('Coffee', 4), ('Pancake', 4), ('Eggs', 9), ('Cereal', 6)]",451.0,-37.8133334,144.9739012,0,6.834,11.5792198
ORDJ00388,2018-02-10,09:10:59,Breakfast,TP,"[('Eggs', 10), ('Coffee', 5)]",257.5,-37.8098938,144.96659630000002,1,8.755,13.540189600000001
ORDA06083,2018-10-18,17:38:01,Dinner,BK,"[('Fish&Chips', 6), ('Salmon', 1), ('Pasta', 1), ('Shrimp', 9)]",764.5,-37.818756799999996,144.967071,0,7.612,14.3327435
ORDC02387,2018-05-14,12:23:39,Lunch,NS,"[('Chicken', 5), ('Steak', 4), ('Salad', 4), ('Fries', 4)]",456.8,-37.8177379,144.9787149,0,8.469,13.529709099999998
ORDC06197,2018-06-07,13:14:21,Lunch,NS,"[('Chicken', 3), ('Steak', 5), ('Fries', 5), ('Burger', 6)]",567.0,-37.8036069,144.9490314,0,8.511000000000001,14.0684932
ORDI08553,2018-11-04,18:08:27,Dinner,NS,"[('Salmon', 10), ('Fish&Chips', 1), ('Pasta', 9), ('Shrimp', 10)]",1232.5,-37.821430799999995,144.9473954,0,9.875,17.9630047
ORDA08713,2018-07-19,14:35:29,Lunch,BK,"[('Steak', 3), ('Salad', 3), ('Fries', 8)]",282.6,-37.815909399999995,144.98727639999998,0,5.821000000000001,11.881050199999999
ORDX04063,2018-02-12,09:21:07,Breakfast,BK,"[('Coffee', 6), ('Eggs', 2)]",89.0,-37.811054,144.97024950000002,0,6.97,11.6905117
ORDX05923,2018-11-29,18:59:09,Dinner,BK,"[('Salmon', 7), ('Pasta', 8), ('Shrimp', 9)]",993.0,-37.8237902,144.92570590000003,0,11.513,18.8330175
ORDB00845,2018-05-22,12:33:48,Lunch,TP,"[('Fries', 5), ('Burger', 7), ('Salad', 1), ('Steak', 1), ('Chicken', 2)]",403.2,-37.806894,144.94503,0,10.107999999999999,12.729096400000001
ORDY02094,2018-09-16,16:37:10,Dinner,TP,"[('Shrimp', 5), ('Pasta', 2)]",325.0,-37.8130154,144.9406963,0,10.084,15.496508800000003
ORDK00350,2018-12-25,19:49:51,Dinner,BK,"[('Pasta', 6), ('Salmon', 2), ('Shrimp', 2), ('Fish&Chips', 6)]",565.0,-37.8158245,144.9326915,0,10.859000000000002,18.023518
ORDI01147,2018-12-01,18:59:09,Dinner,NS,"[('Fish&Chips', 4), ('Salmon', 4)]",304.0,-37.8095278,144.97262800000001,0,7.287000000000001,15.197842999999999
ORDC06558,2018-05-22,12:33:48,Lunch,NS,"[('Salad', 10), ('Fries', 1), ('Burger', 2), ('Steak', 1), ('Chicken', 8)]",547.0,-37.818958200000004,144.99080930000002,0,9.45,15.056034299999999
ORDZ08000,2018-08-19,15:36:20,Lunch,NS,"[('Fries', 1), ('Steak', 8), ('Burger', 3)]",465.0,-37.81633239999999,144.9563363,0,8.718,16.2128946
ORDB10291,2018-08-06,15:05:54,Lunch,TP,"[('Burger', 8), ('Salad', 10), ('Chicken', 1)]",452.0,-37.812084999999996,144.9884869,0,9.843,13.2624672
ORDB00141,2018-08-30,15:56:37,Lunch,TP,"[('Salad', 4), ('Chicken', 2)]",132.8,-37.81526160000001,144.96592809999999,0,8.013,11.6185321
ORDZ01264,2018-08-19,15:36:20,Lunch,NS,"[('Fries', 8), ('Salad', 10), ('Steak', 4)]",448.0,-37.8139949,144.96440769999998,0,7.982,15.458078099999998
ORDJ02784,2018-09-18,16:37:10,Dinner,TP,"[('Salmon', 1), ('Shrimp', 3)]",203.0,-37.807072999999995,144.9578573,0,9.177,13.1044859
ORDJ02579,2018-04-08,11:12:40,Breakfast,TP,"[('Eggs', 10), ('Pancake', 6), ('Coffee', 8)]",425.5,-37.809687,144.9636474,0,8.645,12.6529867
ORDC08892,2018-08-01,14:55:46,Lunch,NS,"[('Burger', 2), ('Steak', 6), ('Chicken', 4)]",460.0,-37.7990524,144.97029819999997,0,6.2620000000000005,11.5591249
ORDA08971,2018-05-03,12:03:22,Lunch,BK,"[('Salad', 5), ('Fries', 2), ('Chicken', 10), ('Burger', 4)]",554.0,-37.803992799999996,145.0016939,0,5.031000000000001,11.025161599999999
ORDJ10201,2018-11-04,18:08:27,Dinner,TP,"[('Pasta', 9), ('Fish&Chips', 7)]",492.5,-37.811325,144.9527981,0,9.025,14.5761619
ORDB06294,2018-07-08,14:15:12,Lunch,TP,"[('Chicken', 8), ('Burger', 5), ('Steak', 10), ('Fries', 9)]",969.0,-37.80614129999999,144.98616930000003,0,10.165,14.9341529
ORDB02337,2018-05-26,12:43:56,Lunch,TP,"[('Burger', 6), ('Fries', 8), ('Steak', 1), ('Salad', 9), ('Chicken', 3)]",577.8,-37.825185299999994,144.95125249999998,0,8.506,13.179894599999999
ORDC09567,2018-04-06,11:02:32,Breakfast,NS,"[('Pancake', 9), ('Coffee', 5), ('Cereal', 10), ('Eggs', 3)]",531.75,-37.812386100000005,144.96564840000002,0,7.707999999999999,12.5792965
ORDZ07765,2018-08-07,15:16:03,Lunch,NS,"[('Chicken', 4), ('Fries', 5), ('Burger', 5), ('Salad', 8)]",480.6,-37.8148844,144.93768269999998,0,9.845,15.4093687
ORDI03979,2018-05-17,12:23:39,Lunch,NS,"[('Salad', 2), ('Fries', 10), ('Burger', 3), ('Chicken', 10)]",567.4,-37.799913000000004,144.9515033,0,7.933,13.245664900000001
ORDJ04603,2018-09-04,16:06:45,Dinner,TP,"[('Fish&Chips', 1), ('Pasta', 8), ('Shrimp', 8), ('Salmon', 5)]",892.0,-37.800230400000004,144.9432404,1,10.702,14.4195345
ORDI06391,2018-10-04,17:07:36,Dinner,NS,"[('Fish&Chips', 4), ('Shrimp', 3), ('Salmon', 1)]",343.0,-37.8085801,144.9408138,0,10.068,16.1763874
ORDA08129,2018-07-12,14:15:12,Lunch,BK,"[('Salad', 6), ('Fries', 10), ('Steak', 4), ('Burger', 8)]",651.2,-37.8190572,145.0038094,0,4.542,10.3885099
ORDY06439,2018-03-25,10:42:15,Breakfast,TP,"[('Cereal', 10), ('Coffee', 10), ('Pancake', 9)]",503.25,-37.814614,144.9498952,0,9.81,13.9328416
ORDZ04962,2018-03-21,10:32:06,Breakfast,NS,"[('Eggs', 4), ('Coffee', 9), ('Cereal', 4)]",239.5,-37.8126278,144.959767,0,8.004,13.028822900000002
ORDX08801,2018-02-01,09:00:50,Breakfast,BK,"[('Pancake', 5), ('Coffee', 3)]",143.75,-37.8235176,144.98966059999998,0,6.223,11.164936
ORDB08645,2018-10-10,17:17:44,Dinner,TP,"[('Shrimp', 4), ('Pasta', 1), ('Salmon', 4), ('Fish&Chips', 2)]",477.5,-37.8125065,144.95326310000002,0,9.019,13.586751199999998
ORDX00960,2018-06-05,13:04:13,Lunch,BK,"[('Fries', 6), ('Burger', 2), ('Salad', 9), ('Chicken', 9), ('Steak', 2)]",666.8,-37.8032271,144.95065480000002,0,8.633,14.7597836
ORDA00163,2018-05-05,12:03:22,Lunch,BK,"[('Fries', 3), ('Steak', 4), ('Burger', 1), ('Chicken', 8), ('Salad', 6)]",606.2,-37.81406629999999,144.9446655,0,9.257,17.760057999999997
ORDJ06053,2018-03-16,10:21:58,Breakfast,TP,"[('Pancake', 7), ('Coffee', 1), ('Eggs', 4), ('Cereal', 10)]",475.25,-37.8065874,144.9414819,0,10.273,12.8490345
ORDK04739,2018-04-10,11:12:40,Breakfast,BK,"[('Cereal', 6), ('Coffee', 4), ('Eggs', 5), ('Pancake', 6)]",411.5,-37.8046445,144.93985969999997,1,9.982999999999999,14.8987666
ORDX02573,2018-02-13,09:21:07,Breakfast,BK,"[('Eggs', 7), ('Coffee', 9), ('Cereal', 8)]",389.5,-37.8151819,144.94933600000002,0,9.447000000000001,14.429588899999999
ORDI10080,2018-03-08,10:11:49,Breakfast,NS,"[('Eggs', 2), ('Cereal', 3), ('Coffee', 6), ('Pancake', 9)]",370.25,-37.818757399999996,144.9831919,0,9.035,13.5146203
ORDB00028,2018-03-14,10:21:58,Breakfast,TP,"[('Eggs', 2), ('Coffee', 9), ('Pancake', 6)]",257.0,-37.8130316,144.9514686,0,9.08,11.7291746
ORDX00214,2018-03-08,10:11:49,Breakfast,BK,"[('Eggs', 7), ('Coffee', 9), ('Pancake', 5)]",342.75,-37.813261499999996,144.9778051,0,6.357,10.719558300000001
ORDJ00892,2018-01-20,08:30:25,Breakfast,TP,"[('Coffee', 6), ('Pancake', 3), ('Eggs', 6)]",249.75,-37.823215600000005,145.0030157,0,10.765,14.837724800000002
ORDX03653,2018-12-29,20:00:00,Dinner,BK,"[('Salmon', 7), ('Shrimp', 7), ('Fish&Chips', 6), ('Pasta', 10)]",1150.0,-37.8157225,144.9372172,0,10.036,19.6234143
ORDI05210,2018-05-19,12:33:48,Lunch,NS,"[('Steak', 5), ('Burger', 7), ('Chicken', 8), ('Salad', 10), ('Fries', 6)]",942.0,-37.8137353,144.9522985,0,8.639,15.9519921
ORDK10370,2018-07-23,14:45:38,Lunch,BK,"[('Burger', 4), ('Steak', 1), ('Chicken', 8), ('Fries', 4), ('Salad', 2)]",507.4,-37.8122352,144.98987030000004,0,5.2379999999999995,10.9094541
ORDZ10253,2018-04-01,10:52:23,Breakfast,NS,"[('Cereal', 6), ('Pancake', 8), ('Eggs', 7)]",474.0,-37.817049,144.9534384,0,8.952,16.3951753
ORDI09932,2018-05-07,12:03:22,Lunch,NS,"[('Salad', 3), ('Chicken', 1), ('Steak', 6)]",353.6,-37.80609329999999,144.9544511,0,8.123,13.3260888
ORDB04687,2018-06-19,13:34:38,Lunch,TP,"[('Steak', 1), ('Salad', 1), ('Chicken', 6)]",254.2,-37.82460379999999,145.00054219999998,0,10.388,13.4540495
ORDK10576,2018-05-31,12:54:05,Lunch,BK,"[('Burger', 4), ('Salad', 6)]",227.2,-37.80114329999999,145.0087469,0,4.707,10.1016032
ORDA09927,2018-03-25,10:42:15,Breakfast,BK,"[('Coffee', 4), ('Eggs', 10)]",250.0,-37.8104539,144.97297680000003,0,6.685,14.4462141
ORDB02298,2018-09-30,16:57:27,Dinner,TP,"[('Pasta', 8), ('Fish&Chips', 5)]",395.0,-37.801015,144.9870425,0,10.745999999999999,16.140517300000003
ORDJ05505,2018-02-15,09:21:07,Breakfast,TP,"[('Coffee', 2), ('Cereal', 9)]",204.0,-37.812667100000006,145.00026169999998,0,11.025,13.2144902
ORDI06443,2018-02-18,09:31:16,Breakfast,NS,"[('Cereal', 6), ('Eggs', 3)]",192.0,-37.808369799999994,144.94500469999997,0,9.046,16.019012300000004
ORDA07094,2018-09-25,16:47:19,Dinner,BK,"[('Fish&Chips', 4), ('Pasta', 2), ('Salmon', 4)]",359.0,-37.801495,144.9675869,0,7.624,14.7468718
ORDK11061,2018-09-15,16:27:02,Dinner,BK,"[('Shrimp', 8), ('Salmon', 5), ('Pasta', 2)]",692.0,-37.8156114,144.9734903,0,6.84,16.1532337
ORDI09645,2018-11-04,18:08:27,Dinner,NS,"[('Fish&Chips', 10), ('Salmon', 4), ('Shrimp', 4)]",730.0,-37.8188646,144.95280019999998,0,9.261000000000001,17.3470505
ORDX07915,2018-10-28,17:58:18,Dinner,BK,"[('Salmon', 6), ('Shrimp', 10), ('Pasta', 4), ('Fish&Chips', 4)]",1036.0,-37.8160742,144.968348,0,7.33,16.8628719
ORDX05850,2018-12-24,19:49:51,Dinner,BK,"[('Fish&Chips', 10), ('Salmon', 1), ('Shrimp', 4), ('Pasta', 9)]",854.5,-37.8184561,145.005315,0,4.354,11.114073
ORDY07324,2018-05-16,12:23:39,Lunch,TP,"[('Fries', 8), ('Steak', 8), ('Chicken', 4)]",584.0,-37.8079235,144.9704362,0,9.346,12.851001
ORDC02494,2018-09-30,16:57:27,Dinner,NS,"[('Fish&Chips', 9), ('Pasta', 4)]",425.0,-37.7993843,144.925888,0,10.270999999999999,18.3888087
ORDZ10769,2018-11-26,18:59:09,Dinner,NS,"[('Shrimp', 6), ('Pasta', 9), ('Fish&Chips', 7), ('Salmon', 9)]",1185.5,-37.800959399999996,144.9566969,0,7.443,13.341881400000002
ORDC06034,2018-11-07,18:18:35,Dinner,NS,"[('Pasta', 5), ('Shrimp', 2)]",245.5,-37.8121351,144.96234119999997,0,7.822,13.886862400000002
ORDJ07325,2018-11-10,18:18:35,Dinner,TP,"[('Shrimp', 1), ('Pasta', 5), ('Fish&Chips', 1), ('Salmon', 1)]",267.5,-37.8197416,145.0100074,0,11.485,17.081292
ORDI09383,2018-07-04,14:05:04,Lunch,NS,"[('Chicken', 6), ('Fries', 3)]",228.0,-37.8122757,144.9447004,0,9.154,14.666580100000001
ORDY05082,2018-08-10,15:16:03,Lunch,TP,"[('Fries', 3), ('Burger', 4), ('Steak', 7)]",475.0,-37.8261311,144.96069780000002,0,8.154,11.726630199999999
ORDX07929,2018-12-14,19:29:34,Dinner,BK,"[('Salmon', 8), ('Fish&Chips', 6), ('Shrimp', 1)]",592.0,-37.8196201,145.01549530000003,0,5.385,12.3289699
ORDX03505,2018-06-30,13:54:55,Lunch,BK,"[('Fries', 9), ('Chicken', 3), ('Burger', 6), ('Steak', 3), ('Salad', 2)]",559.4,-37.8148524,144.9502533,0,9.923,18.647541600000004
ORDZ01022,2018-02-19,09:31:16,Breakfast,NS,"[('Eggs', 7), ('Pancake', 1)]",178.25,-37.8060917,144.9447994,0,8.97,14.148493099999998
ORDC02877,2018-03-08,10:11:49,Breakfast,NS,"[('Coffee', 3), ('Pancake', 2), ('Cereal', 1), ('Eggs', 8)]",268.0,-37.8141514,144.9775317,0,8.068,13.329122400000001
ORDY00976,2018-02-20,09:41:24,Breakfast,TP,"[('Cereal', 4), ('Pancake', 3)]",156.75,-37.8142839,145.0023517,0,11.172,13.310368099999998
ORDK03250,2018-03-11,10:11:49,Breakfast,BK,"[('Eggs', 1), ('Pancake', 10)]",264.5,-37.802562,144.9637171,0,7.755,14.9612845
ORDJ07794,2018-02-03,09:00:50,Breakfast,TP,"[('Eggs', 9), ('Cereal', 4), ('Coffee', 4), ('Pancake', 7)]",481.75,-37.8095828,144.95564960000002,0,8.913,12.738800900000001
ORDY03297,2018-04-22,11:43:05,Breakfast,TP,"[('Eggs', 9), ('Coffee', 9)]",265.5,-37.8187569,144.95323430000002,0,8.532,12.3744989
ORDJ05259,2018-12-19,19:39:43,Dinner,TP,"[('Fish&Chips', 7), ('Pasta', 9), ('Shrimp', 9)]",978.5,-37.8147568,144.93777580000003,0,10.345999999999998,14.282311100000001
ORDX01025,2018-09-05,16:06:45,Dinner,BK,"[('Pasta', 4), ('Salmon', 1), ('Fish&Chips', 6)]",361.0,-37.8161206,144.9287575,0,11.645999999999999,18.716767
ORDC06113,2018-09-05,16:06:45,Dinner,NS,"[('Shrimp', 10), ('Fish&Chips', 4), ('Pasta', 10), ('Salmon', 3)]",1078.0,-37.8164036,144.9284837,0,10.523,16.3677276
ORDC01711,2018-12-21,19:39:43,Dinner,NS,"[('Salmon', 7), ('Fish&Chips', 6), ('Shrimp', 10)]",1037.0,-37.8132674,144.933444,0,8.961,14.433311499999999
ORDY05305,2018-02-22,09:41:24,Breakfast,TP,"[('Coffee', 10), ('Cereal', 3), ('Eggs', 1)]",160.0,-37.814786700000006,144.94948480000002,0,9.58,12.422656
ORDZ05088,2018-06-17,13:34:38,Lunch,NS,"[('Burger', 1), ('Steak', 6), ('Salad', 9)]",455.8,-37.809844399999996,144.99382119999999,0,8.879,16.229799800000002
ORDI00098,2018-01-25,08:40:33,Breakfast,NS,"[('Eggs', 5), ('Cereal', 7), ('Pancake', 5)]",378.25,-37.8107471,144.9636534,1,7.556,12.467302
ORDJ03049,2018-12-17,19:39:43,Dinner,TP,"[('Fish&Chips', 2), ('Shrimp', 10), ('Pasta', 1), ('Salmon', 5)]",842.5,-37.8078274,144.9521754,0,9.344,13.6253571
ORDA07843,2018-01-09,08:10:08,Breakfast,BK,"[('Pancake', 6), ('Cereal', 9)]",334.5,-37.8031624,144.9829398,1,6.337000000000001,5.4190396
ORDK09264,2018-01-14,08:20:16,Breakfast,BK,"[('Pancake', 4), ('Coffee', 10), ('Eggs', 5), ('Cereal', 10)]",492.0,-37.8030878,144.9495381,1,8.735,8.350797
ORDB07738,2018-06-04,13:04:13,Lunch,TP,"[('Chicken', 1), ('Steak', 4)]",212.0,-37.8207167,144.9707771,0,7.811,12.02863
ORDZ10159,2018-02-09,09:10:59,Breakfast,NS,"[('Coffee', 6), ('Pancake', 1), ('Cereal', 4), ('Eggs', 4)]",241.25,-37.810992600000006,144.9671115,1,7.438,12.6061171
ORDB09226,2018-01-23,08:40:33,Breakfast,TP,"[('Pancake', 9), ('Eggs', 1), ('Coffee', 2), ('Cereal', 6)]",381.25,-37.7874325,144.9803767,0,11.633,13.9161303
ORDX01178,2018-01-16,08:20:16,Breakfast,BK,"[('Coffee', 7), ('Eggs', 8), ('Pancake', 2), ('Cereal', 8)]",445.0,-37.806212,144.9353959,1,10.081,7.861387
ORDZ03968,2018-09-24,16:47:19,Dinner,NS,"[('Salmon', 6), ('Pasta', 2)]",301.0,-37.802040000000005,144.963742,0,6.862,12.3248089
ORDK08497,2018-12-30,20:00:00,Dinner,BK,"[('Fish&Chips', 9), ('Salmon', 1), ('Pasta', 7), ('Shrimp', 10)]",1088.5,-37.804996200000005,144.9273434,0,10.799000000000001,20.1458424
ORDI08046,2018-09-20,16:37:10,Dinner,NS,"[('Fish&Chips', 6), ('Shrimp', 7)]",588.0,-37.800981400000005,144.9575755,0,7.359,13.100275
ORDB04008,2018-05-05,12:03:22,Lunch,TP,"[('Steak', 7), ('Salad', 7), ('Burger', 9), ('Chicken', 6), ('Fries', 7)]",990.4,-37.8183025,144.9607134,0,7.767,12.871089300000001
ORDI08686,2018-06-03,13:04:13,Lunch,NS,"[('Salad', 9), ('Fries', 7), ('Chicken', 1)]",270.8,-37.8164201,144.970951,0,8.022,15.435047899999999
ORDX09583,2018-11-19,18:38:52,Dinner,BK,"[('Fish&Chips', 6), ('Shrimp', 4), ('Salmon', 10), ('Pasta', 3)]",918.5,-37.8167464,145.00923909999997,0,3.897,10.4035022
ORDJ10040,2018-09-25,16:47:19,Dinner,TP,"[('Salmon', 6), ('Pasta', 7), ('Shrimp', 4), ('Fish&Chips', 10)]",1004.5,-37.8142992,144.99819399999998,0,10.809000000000001,14.782434400000001
ORDY08189,2018-02-07,09:10:59,Breakfast,TP,"[('Eggs', 8), ('Coffee', 6), ('Pancake', 6), ('Cereal', 8)]",534.5,-37.8220982,144.9383513,0,9.696,11.8998067
ORDZ09560,2018-03-28,10:52:23,Breakfast,NS,"[('Cereal', 10), ('Eggs', 9), ('Pancake', 7)]",577.75,-37.8229075,144.9711835,0,9.014,13.696358300000002
ORDK11098,2018-05-10,12:13:31,Lunch,BK,"[('Salad', 8), ('Chicken', 3), ('Burger', 4), ('Steak', 5), ('Fries', 8)]",678.6,-37.818570799999996,144.949626,0,9.199,14.493882800000002
ORDJ04105,2018-10-24,17:48:10,Dinner,TP,"[('Fish&Chips', 5), ('Pasta', 4)]",285.0,-37.820378399999996,144.9666014,0,7.471,11.746451400000002
ORDJ01414,2018-09-14,16:27:02,Dinner,TP,"[('Salmon', 5), ('Shrimp', 1), ('Pasta', 9)]",506.5,-37.82211229999999,144.9536015,0,8.415,12.7606135
ORDK05878,2018-02-19,09:31:16,Breakfast,BK,"[('Coffee', 8), ('Eggs', 2)]",104.0,-37.8031525,144.9357431,0,10.687000000000001,15.9399867
ORDX03770,2018-09-29,16:57:27,Dinner,BK,"[('Shrimp', 8), ('Salmon', 4), ('Fish&Chips', 5), ('Pasta', 3)]",853.5,-37.8033326,144.95250159999998,0,8.471,17.964942699999998
ORDA10305,2018-06-10,13:14:21,Lunch,BK,"[('Salad', 10), ('Chicken', 7), ('Fries', 4)]",444.0,-37.81922,144.96825,1,8.124,16.1776585
ORDA01676,2018-05-24,12:43:56,Lunch,BK,"[('Burger', 7), ('Salad', 7), ('Steak', 1), ('Chicken', 10), ('Fries', 3)]",738.4,-37.825349200000005,144.95335,0,9.076,14.788131400000001
ORDI00415,2018-10-07,17:17:44,Dinner,NS,"[('Fish&Chips', 5), ('Shrimp', 4)]",391.0,-37.822584,144.9610415,0,9.21,17.1871348
ORDC08866,2018-12-23,19:49:51,Dinner,NS,"[('Shrimp', 7), ('Salmon', 1), ('Pasta', 2), ('Fish&Chips', 7)]",719.0,-37.8181737,145.0040233,0,10.485999999999999,18.776807
ORDK11095,2018-08-17,15:26:11,Lunch,BK,"[('Chicken', 6), ('Steak', 1), ('Salad', 9)]",391.8,-37.809341700000004,144.9923949,0,4.855,11.245035699999999
ORDJ04363,2018-07-10,14:15:12,Lunch,TP,"[('Burger', 8), ('Salad', 8)]",385.6,-37.815448100000005,144.9662371,0,8.051,11.8266916
ORDI01020,2018-10-29,17:58:18,Dinner,NS,"[('Shrimp', 3), ('Salmon', 4), ('Fish&Chips', 2), ('Pasta', 5)]",533.5,-37.8196174,144.9687616,0,9.307,15.188851699999999
ORDJ01828,2018-04-02,11:02:32,Breakfast,TP,"[('Coffee', 3), ('Pancake', 4)]",119.5,-37.812956,144.9603853,0,8.398,10.8775985
ORDX07260,2018-02-16,09:31:16,Breakfast,BK,"[('Pancake', 1), ('Cereal', 9), ('Coffee', 5)]",250.75,-37.8208845,144.9548011,0,8.617,13.815586699999999
ORDY00928,2018-10-04,17:07:36,Dinner,TP,"[('Salmon', 3), ('Pasta', 7), ('Shrimp', 8), ('Fish&Chips', 9)]",1062.5,-37.808665600000005,144.9421502,0,10.033,14.392474800000002
ORDY08941,2018-09-24,16:47:19,Dinner,TP,"[('Shrimp', 3), ('Salmon', 8), ('Pasta', 10)]",765.0,-37.816734600000004,144.9881896,0,9.585,13.4732407
ORDC07710,2018-10-09,17:17:44,Dinner,NS,"[('Pasta', 8), ('Shrimp', 3), ('Fish&Chips', 3), ('Salmon', 7)]",774.0,-37.811959,144.951797,0,8.609,15.2482191
ORDB01111,2018-09-09,16:16:54,Dinner,TP,"[('Shrimp', 10), ('Pasta', 10), ('Salmon', 9), ('Fish&Chips', 6)]",1394.0,-37.81859229999999,145.0052383,0,11.091,16.9525202
ORDZ04010,2018-05-02,11:53:14,Breakfast,NS,"[('Coffee', 7), ('Cereal', 5), ('Pancake', 3)]",230.25,-37.80854779999999,144.9533085,0,8.406,13.598848199999999
ORDB10919,2018-05-13,12:23:39,Lunch,TP,"[('Salad', 7), ('Fries', 10), ('Burger', 8)]",488.4,-37.810688,144.9855034,1,9.623,14.1987146
ORDI00640,2018-01-25,08:40:33,Breakfast,NS,"[('Coffee', 7), ('Pancake', 7), ('Cereal', 2)]",264.25,-37.808235100000005,144.9603205,0,7.617,12.878985400000001
ORDA05487,2018-08-30,15:56:37,Lunch,BK,"[('Fries', 10), ('Chicken', 3)]",216.0,-37.8181701,144.9503585,0,8.97,15.156800199999998
ORDI09889,2018-02-11,09:21:07,Breakfast,NS,"[('Cereal', 6), ('Pancake', 4)]",223.0,-37.813813399999994,144.96873349999998,1,7.744,14.912478899999998
ORDK00089,2018-01-25,08:40:33,Breakfast,BK,"[('Coffee', 8), ('Pancake', 9), ('Cereal', 3), ('Eggs', 3)]",407.25,-37.823357200000004,144.9891071,0,6.257000000000001,10.5082776
ORDK04213,2018-11-07,18:18:35,Dinner,BK,"[('Pasta', 9), ('Salmon', 8), ('Shrimp', 4), ('Fish&Chips', 3)]",896.5,-37.81136729999999,144.9617633,0,7.681,14.6383206
ORDJ02642,2018-06-27,13:44:47,Lunch,TP,"[('Chicken', 8), ('Fries', 8), ('Burger', 4), ('Steak', 10), ('Salad', 10)]",1098.0,-37.8245104,144.9887313,0,9.209,12.671076199999998
ORDJ04885,2018-08-10,15:16:03,Lunch,TP,"[('Burger', 9), ('Steak', 9), ('Salad', 8)]",821.6,-37.8177321,144.9511468,0,9.033999999999999,12.4102884
ORDA07847,2018-01-04,08:00:00,Breakfast,BK,"[('Cereal', 10), ('Coffee', 5), ('Eggs', 8)]",423.5,-37.800225,145.00961,0,4.863,4.9534242
ORDA08067,2018-07-19,14:35:29,Lunch,BK,"[('Steak', 1), ('Fries', 5), ('Salad', 3), ('Chicken', 4), ('Burger', 6)]",470.6,-37.8107842,145.0163236,0,4.283,10.1486772
ORDC05957,2018-03-24,10:42:15,Breakfast,NS,"[('Pancake', 4), ('Eggs', 5), ('Coffee', 7), ('Cereal', 4)]",343.5,-37.8188878,144.98179309999998,0,8.83,15.876315599999998
ORDC07058,2018-12-05,19:09:17,Dinner,NS,"[('Shrimp', 7), ('Fish&Chips', 7)]",623.0,-37.818991100000005,144.9540331,0,9.19,15.261096900000002
ORDY05409,2018-01-07,08:10:08,Breakfast,TP,"[('Eggs', 6), ('Cereal', 8), ('Coffee', 3)]",322.5,-37.8049294,144.9538799,1,9.484,6.6254405
ORDX01253,2018-06-21,13:34:38,Lunch,BK,"[('Burger', 8), ('Steak', 10)]",698.0,-37.8052587,144.9615481,0,7.715,13.840265200000001
ORDK10684,2018-08-05,15:05:54,Lunch,BK,"[('Steak', 6), ('Burger', 8)]",518.0,-37.8132864,144.9514763,0,8.556000000000001,17.269521899999997
ORDA01689,2018-04-11,11:12:40,Breakfast,BK,"[('Eggs', 5), ('Cereal', 9), ('Pancake', 6), ('Coffee', 1)]",452.0,-37.8046174,144.972319,0,6.965,12.1985162
ORDI01138,2018-05-31,12:54:05,Lunch,NS,"[('Steak', 4), ('Chicken', 7), ('Fries', 1), ('Burger', 6)]",602.0,-37.822300399999996,144.9557533,0,9.502,15.084556
ORDK03261,2018-12-06,19:09:17,Dinner,BK,"[('Salmon', 1), ('Fish&Chips', 7)]",286.0,-37.816284,144.96418799999998,0,7.749,14.468959400000001
ORDZ01618,2018-07-29,14:55:46,Lunch,NS,"[('Steak', 9), ('Burger', 3), ('Salad', 9), ('Fries', 6), ('Chicken', 1)]",756.8,-37.8178984,144.9462477,0,9.479,16.992411999999998
ORDY03177,2018-04-28,11:53:14,Breakfast,TP,"[('Pancake', 1), ('Cereal', 3), ('Eggs', 10)]",307.25,-37.8026916,144.95606,0,9.625,13.7392582
ORDA07766,2018-01-03,08:00:00,Breakfast,BK,"[('Pancake', 1), ('Cereal', 6)]",150.25,-37.8035133,145.0193421,1,6.055,5.2515746
ORDA08034,2018-10-17,17:38:01,Dinner,BK,"[('Shrimp', 10), ('Pasta', 3)]",622.5,-37.80108320000001,144.9510003,0,8.728,15.853259
ORDB09461,2018-04-04,11:02:32,Breakfast,TP,"[('Pancake', 4), ('Eggs', 6), ('Coffee', 6), ('Cereal', 8)]",442.0,-37.8203732,144.9793657,0,8.783,11.453221300000001
ORDK08735,2018-05-22,12:43:56,Lunch,BK,"[('Salad', 6), ('Fries', 9), ('Burger', 9)]",490.2,-37.818236799999994,144.99615319999998,0,5.136,10.356454
ORDY02030,2018-09-16,16:37:10,Dinner,TP,"[('Fish&Chips', 6), ('Pasta', 9), ('Salmon', 3), ('Shrimp', 1)]",634.5,-37.8143721,144.9631478,0,8.003,14.1013735
ORDA08221,2018-09-04,16:06:45,Dinner,BK,"[('Salmon', 5), ('Shrimp', 2), ('Fish&Chips', 10), ('Pasta', 2)]",718.0,-37.8027797,144.9560465,0,8.326,15.511487699999998
ORDY10594,2018-10-08,17:17:44,Dinner,TP,"[('Fish&Chips', 4), ('Pasta', 4), ('Salmon', 5), ('Shrimp', 2)]",563.0,-37.8192375,144.96108230000002,0,7.653,12.0943809
ORDI06630,2018-03-01,09:51:32,Breakfast,NS,"[('Eggs', 10), ('Pancake', 6), ('Cereal', 1)]",386.5,-37.7998519,144.993109,0,8.347000000000001,13.3226934
ORDC00695,2018-09-03,16:06:45,Dinner,NS,"[('Fish&Chips', 6), ('Shrimp', 2)]",318.0,-37.8148287,144.9356469,0,10.172,16.0931204
ORDZ05963,2018-08-09,15:16:03,Lunch,NS,"[('Steak', 10), ('Fries', 2)]",474.0,-37.81560220000001,144.9880167,0,8.969,14.3176519
ORDK07935,2018-05-03,12:03:22,Lunch,BK,"[('Salad', 2), ('Chicken', 7), ('Fries', 5)]",318.4,-37.81127539999999,144.9637802,0,7.644,13.977247
ORDC08108,2018-12-24,19:49:51,Dinner,NS,"[('Shrimp', 1), ('Salmon', 3), ('Fish&Chips', 8)]",457.0,-37.8055661,144.9536218,0,8.151,14.0546759
ORDC03313,2018-07-31,14:55:46,Lunch,NS,"[('Fries', 8), ('Steak', 5), ('Salad', 4)]",389.8,-37.8130349,144.9483514,0,10.584000000000001,15.9123734
ORDC11072,2018-09-22,16:47:19,Dinner,NS,"[('Shrimp', 4), ('Salmon', 2), ('Pasta', 1), ('Fish&Chips', 6)]",535.5,-37.804491999999996,144.9478087,0,8.568999999999999,16.476349300000003
ORDA05644,2018-09-13,16:27:02,Dinner,BK,"[('Salmon', 5), ('Fish&Chips', 4)]",345.0,-37.809039899999995,144.9291498,0,10.713,17.851813800000002
ORDA06760,2018-12-21,19:49:51,Dinner,BK,"[('Fish&Chips', 1), ('Pasta', 5), ('Salmon', 4)]",336.5,-37.8244324,144.988745,0,6.397,12.976568499999999
ORDB00034,2018-11-21,18:38:52,Dinner,TP,"[('Fish&Chips', 5), ('Shrimp', 7), ('Salmon', 1), ('Pasta', 5)]",731.5,-37.8174308,144.9878354,0,9.585,13.3689182
ORDZ05385,2018-12-10,19:19:26,Dinner,NS,"[('Pasta', 7), ('Fish&Chips', 8), ('Salmon', 10)]",882.5,-37.823947,144.9543146,0,9.805,15.589039900000001
ORDI07812,2018-12-06,19:09:17,Dinner,NS,"[('Salmon', 7), ('Pasta', 8), ('Shrimp', 2), ('Fish&Chips', 10)]",965.0,-37.81567379999999,144.9663184,0,8.119,14.476469199999999
ORDK03038,2018-10-01,16:57:27,Dinner,BK,"[('Shrimp', 2), ('Salmon', 3)]",231.0,-37.824876200000006,144.9534785,0,9.222999999999999,16.427551
ORDX09028,2018-12-16,19:29:34,Dinner,BK,"[('Salmon', 10), ('Fish&Chips', 4), ('Shrimp', 5), ('Pasta', 10)]",1095.0,-37.8135186,144.9656215,0,7.494,17.4931695
ORDX01680,2018-11-02,18:08:27,Dinner,BK,"[('Fish&Chips', 8), ('Salmon', 5), ('Shrimp', 10)]",1025.0,-37.8045099,144.97460159999997,0,6.792000000000001,14.030457199999999
ORDB01737,2018-01-24,08:40:33,Breakfast,TP,"[('Pancake', 7), ('Eggs', 5)]",279.75,-37.793098799999996,144.9758122,0,10.917,12.972119099999999
ORDB02023,2018-08-27,15:56:37,Lunch,TP,"[('Chicken', 1), ('Salad', 2)]",66.4,-37.8144084,144.9715494,1,8.386000000000001,11.8451985
ORDI05240,2018-10-10,17:17:44,Dinner,NS,"[('Salmon', 3), ('Pasta', 1), ('Shrimp', 10)]",690.5,-37.8124096,144.95361090000003,0,8.542,14.2757766
ORDC02462,2018-12-06,19:09:17,Dinner,NS,"[('Pasta', 4), ('Salmon', 7), ('Fish&Chips', 1), ('Shrimp', 7)]",810.0,-37.8192035,144.9541322,0,9.204,15.0108429
ORDX09421,2018-03-06,10:01:41,Breakfast,BK,"[('Coffee', 3), ('Eggs', 1), ('Pancake', 9), ('Cereal', 5)]",367.75,-37.815987799999995,144.98306430000002,0,6.221,11.3027653
ORDI09059,2018-10-17,17:38:01,Dinner,NS,"[('Pasta', 9), ('Salmon', 4), ('Shrimp', 8)]",843.5,-37.8015578,144.95295349999998,0,7.784,13.600238399999999
ORDB03922,2018-05-02,11:53:14,Breakfast,TP,"[('Eggs', 9), ('Coffee', 10)]",273.0,-37.8063468,144.95910659999998,0,8.992,11.0736112
ORDJ03461,2018-08-30,15:56:37,Lunch,TP,"[('Burger', 10), ('Steak', 7), ('Chicken', 2), ('Salad', 6), ('Fries', 3)]",828.2,-37.8082125,144.9758755,0,9.222999999999999,12.341181599999999
ORDC00144,2018-04-19,11:32:57,Breakfast,NS,"[('Eggs', 8), ('Coffee', 5)]",213.5,-37.8159739,144.9724644,0,7.882999999999999,12.9831422
ORDZ09566,2018-03-14,10:21:58,Breakfast,NS,"[('Pancake', 5), ('Cereal', 1), ('Eggs', 5)]",252.25,-37.7991659,144.99446880000002,0,8.554,12.999887199999998
ORDJ09996,2018-07-24,14:45:38,Lunch,TP,"[('Salad', 10), ('Chicken', 6), ('Burger', 5)]",519.0,-37.8179065,144.9677541,0,7.7379999999999995,11.1063504
ORDA09443,2018-01-11,08:20:16,Breakfast,BK,"[('Cereal', 1), ('Coffee', 3), ('Pancake', 8), ('Eggs', 5)]",347.5,-37.816125799999995,144.96411519999998,1,7.755,6.0556112
ORDB09918,2018-05-09,12:13:31,Lunch,TP,"[('Salad', 5), ('Steak', 10), ('Fries', 5)]",596.0,-37.8020781,144.9885617,0,10.767999999999999,14.118592900000001
ORDB04546,2018-04-12,11:22:49,Breakfast,TP,"[('Pancake', 5), ('Coffee', 1)]",128.75,-37.8047047,144.92791619999997,0,11.411,14.046401800000002
ORDI01232,2018-07-01,13:54:55,Lunch,NS,"[('Salad', 7), ('Chicken', 3), ('Fries', 3), ('Burger', 1)]",283.4,-37.823614899999995,144.99022649999998,0,9.642999999999999,17.275319
ORDX11035,2018-02-14,09:21:07,Breakfast,BK,"[('Cereal', 8), ('Coffee', 4), ('Pancake', 4)]",295.0,-37.807723100000004,145.0011106,0,4.362,8.888371000000001
ORDK03383,2018-07-10,14:15:12,Lunch,BK,"[('Fries', 9), ('Chicken', 2), ('Salad', 10)]",344.0,-37.8246994,144.9848133,0,6.832999999999999,13.084261
ORDB00208,2018-03-26,10:42:15,Breakfast,TP,"[('Cereal', 9), ('Eggs', 6)]",321.0,-37.805583,144.9490278,0,9.672,12.187380000000001
ORDX03398,2018-04-28,11:53:14,Breakfast,BK,"[('Eggs', 9), ('Coffee', 8)]",258.0,-37.8156905,144.9846381,1,6.029,13.376741
ORDI01804,2018-01-08,08:10:08,Breakfast,NS,"[('Pancake', 1), ('Cereal', 4), ('Coffee', 6), ('Eggs', 2)]",197.25,-37.8160828,144.93899069999998,1,9.908,7.3271258
ORDY02430,2018-06-18,13:34:38,Lunch,TP,"[('Steak', 6), ('Fries', 4), ('Burger', 8)]",566.0,-37.8193438,144.9756872,0,8.367,11.7350836
ORDJ04888,2018-02-22,09:41:24,Breakfast,TP,"[('Pancake', 9), ('Cereal', 5), ('Coffee', 4), ('Eggs', 10)]",573.25,-37.8084097,144.9567031,0,9.087,11.963373599999999
ORDJ02141,2018-03-07,10:01:41,Breakfast,TP,"[('Pancake', 1), ('Eggs', 10), ('Coffee', 7), ('Cereal', 6)]",422.75,-37.813232899999996,144.95136580000002,0,9.068999999999999,12.1371942
ORDC01747,2018-09-10,16:16:54,Dinner,NS,"[('Shrimp', 2), ('Fish&Chips', 5)]",283.0,-37.810266399999996,144.9977363,0,9.231,15.2915131
ORDA08591,2018-03-21,10:32:06,Breakfast,BK,"[('Coffee', 2), ('Pancake', 3)]",87.75,-37.8158592,144.96125940000002,0,7.984,12.7198974
ORDC05548,2018-07-20,14:35:29,Lunch,NS,"[('Burger', 1), ('Salad', 1), ('Steak', 2), ('Fries', 5), ('Chicken', 1)]",230.2,-37.822195799999996,144.9539584,0,9.717,14.6968549
ORDK02927,2018-10-06,17:07:36,Dinner,BK,"[('Shrimp', 10), ('Pasta', 7), ('Fish&Chips', 6), ('Salmon', 10)]",1352.5,-37.8260278,144.9845142,0,7.374,16.485278899999997
ORDB08359,2018-01-11,08:20:16,Breakfast,TP,"[('Cereal', 7), ('Eggs', 3)]",213.0,-37.8163883,144.9838774,1,9.246,5.7154850999999995
ORDB10573,2018-06-11,13:14:21,Lunch,TP,"[('Fries', 5), ('Chicken', 7)]",284.0,-37.8142214,144.9593697,0,8.42,11.7801043
ORDZ02052,2018-01-06,08:10:08,Breakfast,NS,"[('Coffee', 10), ('Pancake', 5), ('Cereal', 8)]",364.25,-37.8000242,144.94871630000003,1,8.198,7.4023667
ORDB10363,2018-09-04,16:06:45,Dinner,TP,"[('Shrimp', 10), ('Salmon', 3), ('Pasta', 1), ('Fish&Chips', 2)]",760.5,-37.800230400000004,144.9432404,0,10.702,14.757996499999999
ORDB03712,2018-07-24,14:45:38,Lunch,TP,"[('Fries', 6), ('Burger', 4), ('Chicken', 5), ('Steak', 5), ('Salad', 6)]",684.2,-37.80396029999999,144.94991519999996,0,9.979,13.2547538
ORDA00873,2018-06-12,13:24:30,Lunch,BK,"[('Chicken', 8), ('Fries', 2)]",280.0,-37.8163438,144.94261980000002,0,9.679,15.559099900000001
ORDC01900,2018-01-09,08:10:08,Breakfast,NS,"[('Cereal', 4), ('Pancake', 8)]",278.0,-37.8145621,144.93822350000002,1,9.788,7.6323996
ORDK09804,2018-12-07,19:19:26,Dinner,BK,"[('Salmon', 10), ('Fish&Chips', 2), ('Pasta', 4)]",590.0,-37.8177787,144.9572975,0,8.465,14.962414
ORDZ06552,2018-05-05,12:03:22,Lunch,NS,"[('Chicken', 5), ('Steak', 2)]",250.0,-37.79983060000001,144.9349441,0,6.7,14.084190900000001
ORDK00101,2018-06-02,13:04:13,Lunch,BK,"[('Steak', 3), ('Fries', 3), ('Chicken', 4), ('Burger', 10)]",609.0,-37.8155656,144.973465,0,6.846,15.653476300000001
ORDJ05862,2018-08-06,15:05:54,Lunch,TP,"[('Salad', 8), ('Burger', 10)]",447.6,-37.8046313,144.96426369999998,0,9.321,12.4550114
ORDX03641,2018-03-16,10:21:58,Breakfast,BK,"[('Coffee', 9), ('Eggs', 1)]",89.5,-37.81275120000001,145.0131535,0,3.634,8.506754800000001
ORDY00103,2018-09-25,16:47:19,Dinner,TP,"[('Fish&Chips', 5), ('Salmon', 7), ('Pasta', 4)]",572.0,-37.8210187,144.94735380000003,0,8.993,13.460394899999999
ORDJ04982,2018-12-03,19:09:17,Dinner,TP,"[('Salmon', 10), ('Pasta', 1), ('Shrimp', 10), ('Fish&Chips', 9)]",1292.5,-37.8143336,145.01445890000002,0,12.454,16.6111213
ORDY04750,2018-04-09,11:12:40,Breakfast,TP,"[('Pancake', 3), ('Eggs', 6), ('Coffee', 6), ('Cereal', 6)]",375.75,-37.8153946,144.9774634,0,8.684,11.7096713
ORDC00268,2018-09-26,16:57:27,Dinner,NS,"[('Salmon', 2), ('Fish&Chips', 10), ('Shrimp', 1), ('Pasta', 3)]",568.5,-37.81118060000001,144.952166,0,8.551,14.1199253
ORDB07384,2018-11-23,18:49:00,Dinner,TP,"[('Shrimp', 9), ('Salmon', 3)]",609.0,-37.8205129,144.9486694,0,8.884,12.7394372
ORDJ07825,2018-08-06,15:05:54,Lunch,TP,"[('Salad', 2), ('Fries', 1), ('Chicken', 1), ('Burger', 1), ('Steak', 10)]",559.4,-37.808136700000006,145.00055859999998,0,11.325,14.3929027
ORDB00005,2018-12-02,19:09:17,Dinner,TP,"[('Pasta', 1), ('Shrimp', 9), ('Fish&Chips', 9), ('Salmon', 1)]",869.5,-37.8024048,144.9789446,0,10.056,15.132907800000002
ORDJ01911,2018-07-30,14:55:46,Lunch,TP,"[('Steak', 9), ('Salad', 5), ('Burger', 7), ('Chicken', 5)]",868.0,-37.802619,145.00180790000002,1,11.825,14.8975065
ORDZ04344,2018-05-24,12:43:56,Lunch,NS,"[('Salad', 1), ('Fries', 6), ('Steak', 10), ('Chicken', 10)]",859.2,-37.819798600000006,144.9767395,0,8.561,14.184143599999999
ORDC02940,2018-11-22,18:49:00,Dinner,NS,"[('Salmon', 9), ('Fish&Chips', 6), ('Pasta', 1), ('Shrimp', 4)]",822.5,-37.8168514,144.99000709999999,0,9.208,15.364622699999998
ORDC00711,2018-10-02,17:07:36,Dinner,NS,"[('Salmon', 9), ('Pasta', 8), ('Fish&Chips', 3), ('Shrimp', 10)]",1234.0,-37.823362100000004,144.94174640000003,0,10.777000000000001,16.6588577
ORDY07137,2018-04-02,11:02:32,Breakfast,TP,"[('Pancake', 7), ('Coffee', 5), ('Cereal', 3)]",270.25,-37.81309,144.959914,1,8.443,10.902394699999999
ORDC06980,2018-04-11,11:12:40,Breakfast,NS,"[('Eggs', 9), ('Coffee', 9), ('Pancake', 7), ('Cereal', 9)]",624.25,-37.8046338,144.97242119999999,0,6.874,12.1877338
ORDX07580,2018-01-26,08:40:33,Breakfast,BK,"[('Coffee', 1), ('Pancake', 2), ('Cereal', 3)]",119.0,-37.803982399999995,145.0075865,0,5.4910000000000005,10.5131765
ORDI09595,2018-04-10,11:12:40,Breakfast,NS,"[('Pancake', 3), ('Coffee', 3), ('Eggs', 5)]",205.25,-37.8080931,144.9731894,0,7.108,11.4471313
ORDI04565,2018-10-31,17:58:18,Dinner,NS,"[('Shrimp', 2), ('Fish&Chips', 8), ('Salmon', 1), ('Pasta', 5)]",566.5,-37.821085,144.9610726,0,9.103,14.4240283
ORDA09837,2018-07-22,14:35:29,Lunch,BK,"[('Salad', 6), ('Steak', 3), ('Chicken', 5), ('Burger', 3), ('Fries', 6)]",563.2,-37.820313399999996,144.9570956,0,8.402999999999999,16.248805400000002
ORDY05396,2018-09-21,16:37:10,Dinner,TP,"[('Fish&Chips', 3), ('Salmon', 7)]",392.0,-37.820039799999996,144.958327,0,7.879,11.950174800000001
ORDA03394,2018-09-23,16:47:19,Dinner,BK,"[('Pasta', 1), ('Shrimp', 5), ('Salmon', 1)]",338.5,-37.8090099,144.94898830000002,0,9.019,18.7266277
ORDX10482,2018-11-30,18:59:09,Dinner,BK,"[('Shrimp', 6), ('Pasta', 3), ('Salmon', 10)]",816.5,-37.8019971,145.00345349999998,0,5.28,11.750349900000002
ORDA02525,2018-03-15,10:21:58,Breakfast,BK,"[('Cereal', 10), ('Eggs', 7), ('Coffee', 6)]",409.0,-37.8152092,144.9849396,0,5.938,10.8958673
ORDC00276,2018-11-19,18:38:52,Dinner,NS,"[('Fish&Chips', 9), ('Pasta', 3), ('Salmon', 6)]",643.5,-37.8239933,144.990658,0,9.623,15.5790717
ORDJ01974,2018-10-03,17:07:36,Dinner,TP,"[('Pasta', 4), ('Shrimp', 1), ('Salmon', 1), ('Fish&Chips', 4)]",345.0,-37.80855820000001,144.95663430000002,0,9.071,12.9900179
ORDA09075,2018-09-17,16:37:10,Dinner,BK,"[('Shrimp', 7), ('Pasta', 8)]",598.0,-37.819592799999995,145.00842649999998,0,4.197,10.898291
ORDY02031,2018-06-07,13:14:21,Lunch,TP,"[('Burger', 1), ('Steak', 8)]",391.0,-37.8253418,144.97138569999998,0,8.251,11.9554463
ORDX01394,2018-05-28,12:54:05,Lunch,BK,"[('Chicken', 10), ('Steak', 5)]",545.0,-37.8140509,144.9599803,0,7.9639999999999995,13.721037400000002
ORDJ08363,2018-01-08,08:10:08,Breakfast,TP,"[('Cereal', 5), ('Coffee', 8), ('Pancake', 9)]",383.25,-37.8114994,144.970394,1,8.737,5.5077386
ORDY00739,2018-05-14,12:23:39,Lunch,TP,"[('Chicken', 3), ('Salad', 4), ('Burger', 7), ('Fries', 4)]",429.8,-37.80226879999999,144.98067859999998,0,10.279000000000002,14.0209416
ORDX10150,2018-01-17,08:30:25,Breakfast,BK,"[('Eggs', 9), ('Pancake', 4), ('Coffee', 6)]",340.0,-37.8097706,144.9300462,1,11.327,8.6839323
ORDJ09431,2018-11-27,18:59:09,Dinner,TP,"[('Shrimp', 10), ('Fish&Chips', 2), ('Pasta', 10)]",885.0,-37.818696,144.9829558,0,9.049,13.1067795
ORDZ06152,2018-10-12,17:27:53,Dinner,NS,"[('Fish&Chips', 7), ('Pasta', 9)]",492.5,-37.8238279,144.98380219999999,0,9.321,14.9241633
ORDC02804,2018-10-10,17:17:44,Dinner,NS,"[('Pasta', 4), ('Fish&Chips', 10), ('Shrimp', 9), ('Salmon', 7)]",1233.0,-37.8123071,144.95368359999998,0,8.538,14.164702900000002
ORDC05963,2018-08-08,15:16:03,Lunch,NS,"[('Steak', 5), ('Burger', 9), ('Fries', 9), ('Chicken', 8), ('Salad', 2)]",902.4,-37.8063397,144.9412482,0,9.396,14.8941786
ORDK09720,2018-09-18,16:37:10,Dinner,BK,"[('Salmon', 6), ('Shrimp', 8), ('Pasta', 8), ('Fish&Chips', 7)]",1143.0,-37.815718,145.0028708,0,4.334,10.8287523
ORDY03035,2018-01-12,08:20:16,Breakfast,TP,"[('Coffee', 8), ('Eggs', 9), ('Pancake', 6), ('Cereal', 1)]",424.5,-37.8063166,144.9593667,1,8.979,6.131967700000001
ORDJ10038,2018-06-08,13:14:21,Lunch,TP,"[('Burger', 9), ('Steak', 8), ('Fries', 9)]",747.0,-37.8162965,144.9657629,0,7.836,11.7123045
ORDX02400,2018-03-18,10:32:06,Breakfast,BK,"[('Pancake', 6), ('Coffee', 2), ('Eggs', 2), ('Cereal', 2)]",246.5,-37.811370600000004,144.9728774,0,6.807,14.747874599999998
ORDX04714,2018-11-30,18:59:09,Dinner,BK,"[('Salmon', 9), ('Fish&Chips', 10)]",719.0,-37.8017216,145.004299,0,5.399,11.6415503
ORDY06257,2018-03-03,10:01:41,Breakfast,TP,"[('Eggs', 2), ('Cereal', 1), ('Pancake', 3), ('Coffee', 9)]",205.25,-37.824279499999996,144.9900263,0,9.433,13.54539
ORDZ01687,2018-06-30,13:54:55,Lunch,NS,"[('Burger', 3), ('Salad', 7), ('Fries', 5), ('Chicken', 6), ('Steak', 5)]",690.4,-37.819094899999996,144.986234,0,9.052,16.5412855
ORDK06846,2018-02-25,09:41:24,Breakfast,BK,"[('Cereal', 1), ('Pancake', 6), ('Eggs', 8)]",342.5,-37.8203864,144.9753197,0,7.396,14.8148247
ORDJ03486,2018-09-03,16:06:45,Dinner,TP,"[('Shrimp', 4), ('Fish&Chips', 1), ('Salmon', 3), ('Pasta', 4)]",484.0,-37.8112151,144.9730847,0,8.871,13.386470499999998
ORDC04017,2018-02-26,09:51:32,Breakfast,NS,"[('Coffee', 8), ('Eggs', 9), ('Cereal', 1)]",279.0,-37.809621500000006,144.96362140000002,1,7.4270000000000005,12.9748531
ORDB08221,2018-11-11,18:28:43,Dinner,TP,"[('Fish&Chips', 9), ('Shrimp', 1), ('Pasta', 6)]",534.0,-37.8028836,144.966495,1,9.538,15.0514731
ORDK03511,2018-09-09,16:16:54,Dinner,BK,"[('Salmon', 6), ('Pasta', 10), ('Shrimp', 6), ('Fish&Chips', 8)]",1125.0,-37.8007984,145.0054278,0,4.772,14.3148311
ORDA00854,2018-10-11,17:27:53,Dinner,BK,"[('Fish&Chips', 4), ('Shrimp', 10)]",680.0,-37.8076204,144.97323269999998,0,6.54,12.866693199999998
ORDB07037,2018-04-07,11:12:40,Breakfast,TP,"[('Pancake', 4), ('Cereal', 10), ('Coffee', 4)]",337.0,-37.8144842,145.0092157,0,11.827,15.654342000000002
ORDA03056,2018-08-19,15:36:20,Lunch,BK,"[('Steak', 4), ('Salad', 1)]",197.2,-37.805065500000005,144.9840391,1,6.024,14.1225185
ORDJ10987,2018-08-13,15:26:11,Lunch,TP,"[('Fries', 7), ('Burger', 2), ('Salad', 6), ('Chicken', 8), ('Steak', 9)]",910.2,-37.8103404,144.9870615,0,9.991,13.355820800000002
ORDY07337,2018-07-06,14:05:04,Lunch,TP,"[('Fries', 10), ('Burger', 2), ('Steak', 6), ('Chicken', 7)]",676.0,-37.8197666,144.9949336,0,10.169,13.6221275
ORDA00203,2018-03-05,10:01:41,Breakfast,BK,"[('Pancake', 9), ('Eggs', 10), ('Coffee', 1), ('Cereal', 9)]",634.75,-37.8173539,144.9734986,0,7.152,12.6698106
ORDX01772,2018-05-03,12:03:22,Lunch,BK,"[('Steak', 7), ('Fries', 1), ('Salad', 3)]",378.6,-37.803992799999996,145.0016939,1,5.031000000000001,11.041334800000001
ORDJ09711,2018-02-27,09:51:32,Breakfast,TP,"[('Eggs', 1), ('Cereal', 1), ('Pancake', 1)]",67.25,-37.82614279999999,144.9850278,0,9.16,11.8036679
ORDZ01063,2018-02-04,09:00:50,Breakfast,NS,"[('Pancake', 9), ('Cereal', 5), ('Coffee', 5), ('Eggs', 8)]",536.75,-37.80447720000001,144.9631866,0,7.111000000000001,14.431085000000001
ORDZ07848,2018-03-01,09:51:32,Breakfast,NS,"[('Coffee', 10), ('Cereal', 2), ('Pancake', 3), ('Eggs', 9)]",387.75,-37.823609999999995,144.93765969999998,0,10.767000000000001,15.7063717
ORDB06909,2018-03-02,10:01:41,Breakfast,TP,"[('Cereal', 8), ('Pancake', 5), ('Eggs', 2)]",333.25,-37.825137700000006,144.9755897,0,8.384,10.9083658
ORDC00996,2018-01-25,08:40:33,Breakfast,NS,"[('Pancake', 2), ('Coffee', 7), ('Cereal', 8), ('Eggs', 5)]",379.0,-37.8101955,144.96368600000002,0,7.625,12.4496113
ORDZ04027,2018-04-28,11:53:14,Breakfast,NS,"[('Eggs', 2), ('Coffee', 7)]",96.5,-37.821442600000005,144.95731990000002,0,9.337,16.1954403
ORDA04812,2018-12-13,19:29:34,Dinner,BK,"[('Salmon', 2), ('Fish&Chips', 10)]",432.0,-37.8004946,144.9583439,0,8.286,14.8458688
ORDY06225,2018-11-27,18:59:09,Dinner,TP,"[('Salmon', 8), ('Shrimp', 6), ('Fish&Chips', 6), ('Pasta', 9)]",1109.5,-37.8002519,144.9634799,0,9.752,13.519447199999998
ORDK04553,2018-02-24,09:41:24,Breakfast,BK,"[('Pancake', 9), ('Coffee', 1)]",225.75,-37.8163708,144.9603311,0,8.102,15.233923499999998
ORDK01119,2018-07-14,14:25:21,Lunch,BK,"[('Salad', 5), ('Burger', 5), ('Steak', 5)]",466.0,-37.8192464,145.005678,0,4.407,12.6175207
ORDJ00317,2018-09-14,16:27:02,Dinner,TP,"[('Fish&Chips', 3), ('Shrimp', 9), ('Pasta', 6)]",756.0,-37.8038474,144.9879446,0,10.562000000000001,14.723217300000002
ORDI10024,2018-09-04,16:06:45,Dinner,NS,"[('Shrimp', 1), ('Pasta', 10), ('Salmon', 7), ('Fish&Chips', 4)]",756.0,-37.824363500000004,144.9585022,0,9.546,15.221864499999999
ORDA02483,2018-12-06,19:19:26,Dinner,BK,"[('Salmon', 2), ('Shrimp', 10)]",622.0,-37.813450599999996,144.97399209999998,0,6.817,13.9701791
ORDB03051,2018-05-16,12:23:39,Lunch,TP,"[('Burger', 8), ('Chicken', 2), ('Steak', 10), ('Fries', 3), ('Salad', 5)]",884.0,-37.8144278,144.9744102,0,8.416,12.3280288
ORDB02793,2018-08-11,15:16:03,Lunch,TP,"[('Burger', 10), ('Chicken', 2), ('Salad', 8), ('Steak', 2)]",601.6,-37.8056364,144.9367091,0,10.649,14.9649581
ORDZ03412,2018-10-05,17:07:36,Dinner,NS,"[('Salmon', 8), ('Fish&Chips', 7), ('Shrimp', 6)]",897.0,-37.8089285,144.9662571,0,7.193,12.852747500000001
ORDJ09507,2018-08-05,15:05:54,Lunch,TP,"[('Salad', 7), ('Fries', 7), ('Steak', 7), ('Burger', 7), ('Chicken', 8)]",992.4,-37.810861100000004,144.9688291,0,8.735,13.7072766
ORDB09507,2018-07-02,13:54:55,Lunch,TP,"[('Chicken', 9), ('Fries', 5)]",348.0,-37.8087118,144.95408899999998,0,9.107999999999999,12.2984492
ORDK05339,2018-08-23,15:46:28,Lunch,BK,"[('Chicken', 6), ('Burger', 3), ('Fries', 8), ('Salad', 4)]",449.8,-37.8134313,144.944043,0,9.35,15.337118900000002
ORDK01259,2018-07-01,13:54:55,Lunch,BK,"[('Burger', 7), ('Fries', 8)]",313.0,-37.8153597,144.96662959999998,0,7.519,15.724024800000002
ORDK05881,2018-02-21,09:41:24,Breakfast,BK,"[('Pancake', 5), ('Eggs', 3)]",187.25,-37.8031395,144.9956372,0,5.24,10.000427199999999
ORDI10512,2018-08-13,15:26:11,Lunch,NS,"[('Burger', 5), ('Chicken', 4), ('Steak', 5), ('Fries', 10)]",628.0,-37.8203816,144.9653528,0,8.871,14.351301500000002
ORDJ01153,2018-11-15,18:28:43,Dinner,TP,"[('Pasta', 6), ('Shrimp', 8), ('Fish&Chips', 8)]",877.0,-37.8163489,144.93840980000002,0,10.354000000000001,14.522653
ORDZ03044,2018-02-27,09:51:32,Breakfast,NS,"[('Pancake', 1), ('Cereal', 7), ('Coffee', 10)]",246.25,-37.8238866,144.97392230000003,0,9.399,14.921612300000001
ORDY10112,2018-08-27,15:56:37,Lunch,TP,"[('Fries', 7), ('Burger', 3), ('Chicken', 7), ('Salad', 8)]",538.6,-37.8144084,144.9715494,0,8.386000000000001,11.9809974
ORDC06718,2018-09-25,16:47:19,Dinner,NS,"[('Shrimp', 9), ('Salmon', 3), ('Fish&Chips', 8), ('Pasta', 8)]",1109.0,-37.801495,144.9675869,0,6.718999999999999,12.7609408
ORDY05660,2018-11-04,18:08:27,Dinner,TP,"[('Salmon', 7), ('Shrimp', 2), ('Pasta', 6), ('Fish&Chips', 10)]",910.0,-37.819328999999996,144.9611237,0,7.641,13.0774174
ORDC10449,2018-12-29,20:00:00,Dinner,NS,"[('Shrimp', 8), ('Fish&Chips', 9), ('Salmon', 4)]",911.0,-37.81322,144.97127880000002,0,7.727,14.988644400000002
ORDA04035,2018-08-11,15:16:03,Lunch,BK,"[('Steak', 5), ('Chicken', 8), ('Fries', 2), ('Salad', 6)]",608.2,-37.8188545,144.95265369999998,0,9.121,17.709792800000002
ORDY07294,2018-01-22,08:40:33,Breakfast,TP,"[('Cereal', 7), ('Pancake', 1), ('Eggs', 1)]",193.25,-37.822702500000005,144.98308469999998,0,8.795,11.4626317
ORDI09365,2018-06-11,13:14:21,Lunch,NS,"[('Salad', 6), ('Fries', 6), ('Chicken', 6), ('Burger', 2)]",429.2,-37.829895,144.97132140000002,0,9.725,15.232208400000001
ORDX04341,2018-10-23,17:48:10,Dinner,BK,"[('Pasta', 10), ('Salmon', 8)]",603.0,-37.80824260000001,144.9481888,0,8.986,16.1096002
ORDK03275,2018-06-16,13:24:30,Lunch,BK,"[('Salad', 8), ('Burger', 4), ('Chicken', 3)]",357.6,-37.820159499999995,145.0139816,0,4.438,12.662039100000001
ORDB02916,2018-07-26,14:45:38,Lunch,TP,"[('Burger', 10), ('Salad', 10), ('Chicken', 5)]",642.0,-37.8030057,144.93571369999998,0,10.872,14.154406699999997
ORDK02837,2018-08-27,15:56:37,Lunch,BK,"[('Salad', 1), ('Burger', 4), ('Steak', 1), ('Chicken', 9)]",474.2,-37.8026752,144.9824231,0,6.434,12.011673599999998
ORDB04947,2018-09-09,16:16:54,Dinner,TP,"[('Shrimp', 7), ('Pasta', 1)]",405.5,-37.8007984,145.0054278,0,12.325999999999999,17.604055
ORDB02106,2018-08-14,15:26:11,Lunch,TP,"[('Salad', 1), ('Steak', 5)]",242.2,-37.8225205,144.9555842,0,8.118,11.956240699999999
ORDB09629,2018-03-17,10:21:58,Breakfast,TP,"[('Cereal', 7), ('Pancake', 8), ('Eggs', 6), ('Coffee', 5)]",510.5,-37.82014,144.9824864,0,9.105,12.824250300000001
ORDC05601,2018-10-14,17:27:53,Dinner,NS,"[('Pasta', 7), ('Shrimp', 10)]",732.5,-37.8235925,144.9680167,0,9.082,17.412671600000003
ORDB03156,2018-04-24,11:43:05,Breakfast,TP,"[('Coffee', 6), ('Pancake', 10), ('Eggs', 2)]",331.5,-37.803041799999995,144.99806,1,11.515,13.473637900000002
ORDI03048,2018-12-20,19:39:43,Dinner,NS,"[('Salmon', 10), ('Fish&Chips', 3), ('Shrimp', 3), ('Pasta', 5)]",814.5,-37.8131622,144.9335246,0,8.943999999999999,14.779068900000002
ORDJ01778,2018-06-30,13:54:55,Lunch,TP,"[('Chicken', 5), ('Steak', 8)]",520.0,-37.811846700000004,144.9558164,0,8.71,13.540835199999998
ORDY06221,2018-01-06,08:10:08,Breakfast,TP,"[('Eggs', 6), ('Pancake', 9), ('Coffee', 9), ('Cereal', 1)]",438.75,-37.809711799999995,144.97655480000003,1,9.141,6.8193421
ORDC00069,2018-09-22,16:47:19,Dinner,NS,"[('Shrimp', 6), ('Fish&Chips', 2)]",394.0,-37.8240335,144.9737726,0,9.39,17.8520225
ORDB07683,2018-11-28,18:59:09,Dinner,TP,"[('Salmon', 3), ('Shrimp', 7), ('Fish&Chips', 4)]",641.0,-37.820735600000006,144.96188769999998,0,7.347,12.1592549
ORDK07267,2018-10-16,17:27:53,Dinner,BK,"[('Shrimp', 1), ('Salmon', 3)]",177.0,-37.82366270000001,144.9971191,0,5.567,12.353187
ORDJ08930,2018-09-13,16:27:02,Dinner,TP,"[('Salmon', 4), ('Shrimp', 5), ('Fish&Chips', 5)]",609.0,-37.8151511,144.94485559999998,0,9.579,13.829725
ORDA03704,2018-03-08,10:11:49,Breakfast,BK,"[('Cereal', 10), ('Coffee', 2)]",225.0,-37.8187564,144.9832053,0,6.44,11.302975300000002
ORDI02332,2018-12-01,19:09:17,Dinner,NS,"[('Fish&Chips', 5), ('Pasta', 3)]",257.5,-37.8151257,144.93930480000003,0,9.802,17.723767499999997
ORDB03638,2018-08-29,15:56:37,Lunch,TP,"[('Burger', 9), ('Fries', 1), ('Chicken', 6), ('Steak', 8), ('Salad', 2)]",877.4,-37.817355299999996,144.946046,0,9.354,12.7571966
ORDB05972,2018-05-19,12:33:48,Lunch,TP,"[('Chicken', 9), ('Steak', 9), ('Fries', 3), ('Burger', 7), ('Salad', 7)]",1066.4,-37.8041243,144.9586853,1,9.225,13.756890400000001
ORDJ01501,2018-08-13,15:26:11,Lunch,TP,"[('Fries', 3), ('Chicken', 8), ('Salad', 10)]",464.0,-37.8194235,144.96164960000002,0,7.954,11.4064893
ORDA01532,2018-09-22,16:47:19,Dinner,BK,"[('Fish&Chips', 3), ('Shrimp', 7), ('Salmon', 5)]",688.0,-37.8040715,144.9865219,0,5.83,15.3230019
ORDB05213,2018-08-31,15:56:37,Lunch,TP,"[('Chicken', 7), ('Fries', 7), ('Salad', 2)]",342.4,-37.8079125,144.9614453,0,8.823,12.2449888
ORDB06308,2018-07-15,14:25:21,Lunch,TP,"[('Fries', 6), ('Chicken', 9)]",360.0,-37.800007,144.93568340000002,0,12.847000000000001,16.9289701
ORDZ01327,2018-09-24,16:47:19,Dinner,NS,"[('Shrimp', 4), ('Pasta', 9), ('Salmon', 8), ('Fish&Chips', 5)]",966.5,-37.8020696,144.9843449,0,7.412000000000001,13.018401800000001
ORDJ10265,2018-04-26,11:43:05,Breakfast,TP,"[('Pancake', 3), ('Eggs', 8), ('Cereal', 9), ('Coffee', 7)]",490.25,-37.818737799999994,144.9670613,0,7.561,10.3207649
ORDI08357,2018-04-07,11:12:40,Breakfast,NS,"[('Coffee', 5), ('Pancake', 9), ('Cereal', 8)]",423.75,-37.8154501,145.0130966,0,11.097000000000001,17.811828600000002
ORDX00845,2018-02-17,09:31:16,Breakfast,BK,"[('Eggs', 10), ('Pancake', 5), ('Coffee', 1)]",348.75,-37.8274886,144.987492,0,7.57,14.9547277
ORDK07531,2018-06-25,13:44:47,Lunch,BK,"[('Steak', 2), ('Burger', 3), ('Fries', 7)]",267.0,-37.8242064,144.9840935,0,6.91,12.8958815
ORDZ01455,2018-08-03,15:05:54,Lunch,NS,"[('Salad', 7), ('Fries', 8), ('Chicken', 10)]",536.4,-37.8186761,144.96716740000002,0,8.515,13.650411100000001
ORDX06118,2018-05-21,12:33:48,Lunch,BK,"[('Steak', 9), ('Burger', 3), ('Chicken', 5)]",658.0,-37.817282500000005,145.0156383,0,5.257999999999999,10.8374008
ORDA03306,2018-11-11,18:18:35,Dinner,BK,"[('Salmon', 8), ('Shrimp', 8), ('Fish&Chips', 6), ('Pasta', 1)]",997.5,-37.804317100000006,144.9613556,0,7.747000000000001,17.0093718
ORDC06754,2018-03-24,10:42:15,Breakfast,NS,"[('Cereal', 9), ('Pancake', 6)]",334.5,-37.8188221,144.9821646,0,8.869,15.808898999999998
ORDJ02869,2018-02-09,09:10:59,Breakfast,TP,"[('Cereal', 5), ('Eggs', 2)]",149.0,-37.812881700000005,144.96796930000002,1,8.417,11.212599699999998
ORDZ07658,2018-09-13,16:27:02,Dinner,NS,"[('Pasta', 7), ('Salmon', 2)]",274.5,-37.8008011,144.95349099999999,0,7.69,14.259902800000003
ORDA04195,2018-01-04,08:00:00,Breakfast,BK,"[('Eggs', 8), ('Cereal', 9), ('Coffee', 1)]",372.5,-37.8048939,144.9615325,1,9.594,7.2631752999999994
ORDC10234,2018-08-04,15:05:54,Lunch,NS,"[('Steak', 2), ('Chicken', 10)]",410.0,-37.8206792,144.9485253,0,9.722000000000001,17.6919508
ORDJ00149,2018-08-30,15:56:37,Lunch,TP,"[('Burger', 8), ('Chicken', 9)]",536.0,-37.8104922,144.94322759999997,0,11.081,13.732479999999999
ORDJ00606,2018-01-01,08:00:00,Breakfast,TP,"[('Cereal', 6), ('Coffee', 3), ('Pancake', 8)]",342.5,-37.8043312,144.9386845,1,10.636,6.3406483
ORDC05646,2018-07-30,14:55:46,Lunch,NS,"[('Burger', 2), ('Salad', 4), ('Fries', 10), ('Chicken', 3)]",346.8,-37.8003197,145.0098041,0,9.937999999999999,15.3788275
ORDB02559,2018-06-18,13:34:38,Lunch,TP,"[('Fries', 7), ('Steak', 5), ('Salad', 10), ('Chicken', 7), ('Burger', 5)]",860.0,-37.8104326,144.9242474,0,11.765,14.764656299999999
ORDX03363,2018-11-22,18:49:00,Dinner,BK,"[('Fish&Chips', 6), ('Salmon', 5)]",415.0,-37.8133487,144.9312518,0,11.271,18.4886573
ORDI00006,2018-06-01,12:54:05,Lunch,NS,"[('Chicken', 8), ('Fries', 5), ('Steak', 6), ('Salad', 5)]",672.0,-37.80636079999999,144.98653280000002,0,7.982,13.114741
ORDA10152,2018-03-15,10:21:58,Breakfast,BK,"[('Pancake', 8), ('Cereal', 3), ('Coffee', 8)]",317.0,-37.8131356,144.9668918,0,7.376,12.1356194
ORDK04863,2018-03-06,10:01:41,Breakfast,BK,"[('Eggs', 10), ('Cereal', 1)]",241.0,-37.8130208,144.95134280000002,0,8.568999999999999,13.133454
ORDK09186,2018-03-18,10:32:06,Breakfast,BK,"[('Eggs', 9), ('Cereal', 5), ('Pancake', 5)]",424.25,-37.8134111,144.97381140000002,0,6.836,14.1880027
ORDZ03354,2018-08-04,15:05:54,Lunch,NS,"[('Burger', 6), ('Chicken', 7)]",410.0,-37.8034692,144.9497639,0,8.333,15.9921571
ORDJ04320,2018-06-29,13:54:55,Lunch,TP,"[('Fries', 3), ('Steak', 8)]",396.0,-37.8061722,144.9447485,1,10.048,13.3210147
ORDJ04481,2018-11-06,18:08:27,Dinner,TP,"[('Shrimp', 7), ('Fish&Chips', 1), ('Salmon', 6), ('Pasta', 6)]",824.0,-37.8151371,144.9637175,0,7.897,12.6114304
ORDK02795,2018-06-24,13:44:47,Lunch,BK,"[('Fries', 10), ('Chicken', 4), ('Salad', 7), ('Steak', 5)]",593.4,-37.8253674,144.98281409999998,1,7.066,15.4054674
ORDI01167,2018-12-06,19:09:17,Dinner,NS,"[('Pasta', 10), ('Shrimp', 4), ('Fish&Chips', 10)]",841.0,-37.81567379999999,144.9663184,0,8.119,14.047706699999997
ORDJ02500,2018-12-29,20:00:00,Dinner,TP,"[('Pasta', 4), ('Fish&Chips', 3), ('Shrimp', 2), ('Salmon', 8)]",651.0,-37.8133046,144.97131940000003,0,8.535,14.1905191
ORDI06274,2018-07-16,14:25:21,Lunch,NS,"[('Burger', 7), ('Steak', 6)]",487.0,-37.804250599999996,144.957403,0,7.651,13.5257291
ORDC10626,2018-02-19,09:31:16,Breakfast,NS,"[('Eggs', 2), ('Cereal', 3), ('Coffee', 2)]",122.0,-37.8031525,144.9357431,0,10.51,15.494366000000001
ORDA09725,2018-10-09,17:17:44,Dinner,BK,"[('Fish&Chips', 6), ('Shrimp', 2), ('Salmon', 5), ('Pasta', 6)]",688.0,-37.817098200000004,144.9860716,0,6.046,13.032115800000001
ORDB10520,2018-04-29,11:53:14,Breakfast,TP,"[('Pancake', 9), ('Coffee', 10), ('Cereal', 10)]",503.25,-37.804631799999996,144.9704802,0,9.58,13.886336499999999
ORDY07869,2018-02-22,09:41:24,Breakfast,TP,"[('Coffee', 8), ('Pancake', 2), ('Cereal', 9), ('Eggs', 9)]",495.5,-37.80826,144.9567332,0,9.104,11.5914259
ORDY05927,2018-12-02,19:09:17,Dinner,TP,"[('Salmon', 5), ('Fish&Chips', 1), ('Shrimp', 6)]",564.0,-37.807610600000004,144.9803789,0,9.636000000000001,15.1751261
ORDX09706,2018-05-25,12:43:56,Lunch,BK,"[('Steak', 5), ('Burger', 7), ('Fries', 5)]",502.0,-37.8238926,144.9490621,0,9.402000000000001,15.6235344
ORDC02705,2018-04-07,11:12:40,Breakfast,NS,"[('Coffee', 8), ('Pancake', 1)]",84.25,-37.8174124,144.96759,0,8.313,14.8989006
ORDA00042,2018-08-21,15:36:20,Lunch,BK,"[('Fries', 9), ('Salad', 2), ('Burger', 2), ('Steak', 8)]",564.4,-37.820559700000004,144.9813601,1,7.017,12.3495492
ORDJ10784,2018-04-18,11:32:57,Breakfast,TP,"[('Coffee', 3), ('Cereal', 6), ('Pancake', 10)]",391.0,-37.817535799999995,144.9683719,0,8.033999999999999,10.6913104
ORDY09138,2018-07-27,14:45:38,Lunch,TP,"[('Salad', 2), ('Fries', 10), ('Burger', 6)]",340.4,-37.822185100000006,144.9786566,0,8.529,12.0779314
ORDA03726,2018-06-23,13:44:47,Lunch,BK,"[('Chicken', 2), ('Burger', 2)]",126.0,-37.816536600000006,144.99253330000002,0,5.3260000000000005,13.5557307
ORDK02470,2018-08-29,15:56:37,Lunch,BK,"[('Steak', 5), ('Chicken', 6), ('Burger', 5), ('Fries', 10), ('Salad', 2)]",726.4,-37.81186829999999,144.95649980000002,0,8.089,14.0482755
ORDJ03619,2018-09-11,16:16:54,Dinner,TP,"[('Pasta', 1), ('Fish&Chips', 8), ('Salmon', 6), ('Shrimp', 1)]",607.5,-37.8083237,144.9212169,0,11.863,16.4068493
ORDC00934,2018-05-18,12:33:48,Lunch,NS,"[('Salad', 3), ('Burger', 3), ('Steak', 8)]",504.6,-37.8014372,144.9567869,0,7.483,12.5937049
ORDI08472,2018-09-10,16:16:54,Dinner,NS,"[('Shrimp', 4), ('Fish&Chips', 2), ('Salmon', 9)]",655.0,-37.825342600000006,144.9695571,0,9.29,15.402957800000001
ORDY09036,2018-09-15,16:27:02,Dinner,TP,"[('Fish&Chips', 1), ('Pasta', 9), ('Shrimp', 1), ('Salmon', 7)]",623.5,-37.8149599,144.9546275,0,8.593,14.161222699999998
ORDY05024,2018-09-24,16:47:19,Dinner,TP,"[('Fish&Chips', 4), ('Shrimp', 6), ('Salmon', 10), ('Pasta', 7)]",1066.5,-37.8019489,144.9636491,0,9.532,13.3709957
ORDC07903,2018-04-13,11:22:49,Breakfast,NS,"[('Cereal', 3), ('Pancake', 6)]",208.5,-37.823895799999995,144.96262019999998,1,9.31,14.149860199999999
ORDI07842,2018-06-11,13:14:21,Lunch,NS,"[('Steak', 1), ('Burger', 1), ('Salad', 6), ('Chicken', 5), ('Fries', 8)]",435.2,-37.8242729,144.9473379,0,10.215,15.8874161
ORDB00603,2018-01-08,08:10:08,Breakfast,TP,"[('Pancake', 6), ('Eggs', 10), ('Coffee', 2), ('Cereal', 1)]",401.5,-37.813835499999996,144.93723559999998,1,10.462,6.1485042000000005
ORDY07201,2018-07-23,14:45:38,Lunch,TP,"[('Salad', 10), ('Fries', 4), ('Steak', 5), ('Burger', 3), ('Chicken', 9)]",826.0,-37.824887,144.98250119999997,0,8.769,12.7403375
ORDY07704,2018-01-29,08:50:42,Breakfast,TP,"[('Eggs', 1), ('Cereal', 10)]",232.0,-37.8071033,144.9674874,1,9.163,11.6496621
ORDC02665,2018-01-31,08:50:42,Breakfast,NS,"[('Cereal', 4), ('Coffee', 8)]",144.0,-37.8003449,144.9831805,0,7.346,12.3473963
ORDI06325,2018-07-31,14:55:46,Lunch,NS,"[('Chicken', 2), ('Steak', 7), ('Burger', 10)]",689.0,-37.8090298,144.9369002,0,10.117,15.327207000000001
ORDA01614,2018-03-05,10:01:41,Breakfast,BK,"[('Cereal', 3), ('Pancake', 1), ('Coffee', 2), ('Eggs', 4)]",190.25,-37.8070069,144.9851467,0,5.709,10.4237444
ORDZ03478,2018-01-03,08:00:00,Breakfast,NS,"[('Pancake', 2), ('Cereal', 1), ('Coffee', 2), ('Eggs', 4)]",172.5,-37.8026593,145.016216,1,10.994000000000002,7.7811495
ORDK08313,2018-12-12,19:29:34,Dinner,BK,"[('Shrimp', 9), ('Fish&Chips', 7), ('Pasta', 4)]",841.0,-37.8141043,144.96415819999999,0,7.655,14.741830599999998
ORDC01893,2018-02-20,09:31:16,Breakfast,NS,"[('Coffee', 5), ('Pancake', 9), ('Cereal', 1), ('Eggs', 3)]",342.75,-37.821048499999996,144.92681059999998,1,11.449000000000002,16.6642748
ORDK09456,2018-02-11,09:21:07,Breakfast,BK,"[('Coffee', 5), ('Eggs', 5)]",147.5,-37.8158349,144.9738102,0,6.865,14.149803599999998
ORDX01756,2018-12-25,19:49:51,Dinner,BK,"[('Shrimp', 9), ('Fish&Chips', 2)]",556.0,-37.82546729999999,144.95630400000002,0,8.917,15.668443799999999
ORDY08049,2018-06-13,13:24:30,Lunch,TP,"[('Salad', 3), ('Steak', 9), ('Burger', 1)]",487.6,-37.824348799999996,144.95549880000002,0,8.664,11.682497900000001
ORDK02951,2018-11-02,18:08:27,Dinner,BK,"[('Salmon', 2), ('Pasta', 5), ('Shrimp', 6)]",543.5,-37.8105378,144.9451673,0,9.247,15.6859573
ORDK05666,2018-12-27,20:00:00,Dinner,BK,"[('Salmon', 2), ('Pasta', 6), ('Shrimp', 4), ('Fish&Chips', 10)]",813.0,-37.81225379999999,144.93866359999998,0,9.911,16.9130355
ORDI02683,2018-06-14,13:24:30,Lunch,NS,"[('Fries', 9), ('Salad', 10), ('Steak', 2), ('Chicken', 3), ('Burger', 8)]",714.0,-37.799454700000005,144.9681759,0,6.376,12.1601341
ORDB04901,2018-11-28,18:59:09,Dinner,TP,"[('Shrimp', 10), ('Fish&Chips', 10), ('Pasta', 3), ('Salmon', 6)]",1218.5,-37.8044414,144.94870559999998,0,9.908,14.0658482
ORDI04223,2018-01-02,08:00:00,Breakfast,NS,"[('Eggs', 6), ('Cereal', 3)]",195.0,-37.820303100000004,144.94651230000002,0,9.782,7.5500473
ORDC09443,2018-11-30,18:59:09,Dinner,NS,"[('Shrimp', 10), ('Pasta', 1), ('Fish&Chips', 2)]",637.5,-37.80793920000001,144.98397880000002,0,7.9110000000000005,13.7809242
ORDB09174,2018-03-03,10:01:41,Breakfast,TP,"[('Coffee', 6), ('Pancake', 6), ('Cereal', 3), ('Eggs', 3)]",319.5,-37.8017706,144.9798675,0,10.209,14.2415318
ORDZ02381,2018-12-30,20:00:00,Dinner,NS,"[('Shrimp', 3), ('Fish&Chips', 6), ('Pasta', 9)]",619.5,-37.8046136,144.92312719999998,0,10.958,19.3945748
ORDK00423,2018-01-30,08:50:42,Breakfast,BK,"[('Eggs', 6), ('Pancake', 1)]",156.25,-37.8071583,144.9749101,0,6.756,11.7641913
ORDI07029,2018-09-13,16:27:02,Dinner,NS,"[('Shrimp', 2), ('Salmon', 7), ('Fish&Chips', 1)]",430.0,-37.8150104,144.944794,0,9.207,15.3214427
ORDA10501,2018-08-15,15:26:11,Lunch,BK,"[('Chicken', 1), ('Fries', 3)]",68.0,-37.8215769,145.0022939,0,4.988,11.186982800000001
ORDX02334,2018-01-08,08:10:08,Breakfast,BK,"[('Cereal', 8), ('Pancake', 8), ('Eggs', 1)]",384.0,-37.8141043,144.9378236,1,10.152999999999999,7.2287966
ORDB02868,2018-04-09,11:12:40,Breakfast,TP,"[('Coffee', 1), ('Eggs', 1)]",29.5,-37.8207406,144.9785753,0,8.753,11.820631500000001
ORDY03342,2018-01-14,08:20:16,Breakfast,TP,"[('Pancake', 5), ('Coffee', 10), ('Cereal', 9)]",385.25,-37.80447120000001,144.9736163,1,9.637,6.696734700000001
ORDI03080,2018-11-03,18:08:27,Dinner,NS,"[('Pasta', 8), ('Shrimp', 6), ('Salmon', 8), ('Fish&Chips', 2)]",942.0,-37.8114307,144.95178869999998,0,8.6,16.884034200000002
ORDA06875,2018-02-08,09:10:59,Breakfast,BK,"[('Cereal', 5), ('Coffee', 9), ('Pancake', 7)]",342.25,-37.8088745,144.9701116,0,6.872999999999999,12.0284391
ORDY09744,2018-05-28,12:54:05,Lunch,TP,"[('Chicken', 3), ('Burger', 1), ('Salad', 6), ('Fries', 4)]",278.2,-37.8089529,144.9463694,0,9.769,12.956182400000001
ORDJ09541,2018-01-02,08:00:00,Breakfast,TP,"[('Eggs', 1), ('Pancake', 9), ('Cereal', 7), ('Coffee', 9)]",454.75,-37.7989055,145.01150900000002,1,13.202,7.6102167000000005
ORDC07207,2018-01-29,08:50:42,Breakfast,NS,"[('Eggs', 4), ('Cereal', 1)]",109.0,-37.8245745,144.9357416,0,11.017000000000001,16.076064000000002
ORDK07913,2018-04-26,11:43:05,Breakfast,BK,"[('Cereal', 6), ('Coffee', 1), ('Pancake', 3), ('Eggs', 4)]",294.25,-37.81876870000001,144.96694219999998,0,7.582999999999999,12.380479800000002
